gid,role,role_score,cluster_id,priority_score,evidence
100000000011452100,consolidator,0.914648,0,0.567059,"Признаки сбора: 3 отправителей; вход 110,000.00 KZT; получателей 1."
100000000018102100,peripheral,0.15,0,0.08837,"Выраженных критериев ролей нет: отправителей 1, получателей 0; требуется проверка. Граница depth=4: исходящие обрезаны."
100000000031787100,transit,0.893056,10,0.545613,Признаки транзита: выход/вход=1.00; совместимо за 0–2 дня 44% входа.
100000000041368100,terminal,0.763826,3,0.577541,"Наблюдаемый сток: вход 160,000.00 KZT; выход/вход=0.00; depth=1. Не полный баланс."
100000000076451100,consolidator,0.881667,15,0.722312,"Признаки сбора: 3 отправителей; вход 87,707.00 KZT; получателей 4."
100000000089154100,distributor,0.942953,0,0.670367,"Признаки распределения: 15 получателей; выход 425,500.00 KZT; отправителей 1."
100000000190228100,peripheral,0.35,2,0.353979,"Выраженных критериев ролей нет: отправителей 1, получателей 1; требуется проверка."
100000000201868100,transit,0.945,54,0.611924,Признаки транзита: выход/вход=1.00; совместимо за 0–2 дня 100% входа.
100000000254336100,peripheral,0.35,0,0.334958,"Выраженных критериев ролей нет: отправителей 2, получателей 1; требуется проверка."
100000000267734100,distributor,0.902894,10,0.638062,"Признаки распределения: 7 получателей; выход 282,000.00 KZT; отправителей 2."
100000000274067100,peripheral,0.35,10,0.432321,"Выраженных критериев ролей нет: отправителей 2, получателей 3; требуется проверка."
100000000287768100,terminal,0.7168,0,0.332936,"Наблюдаемый сток: вход 35,168.00 KZT; выход/вход=0.00; depth=3. Не полный баланс."
100000000288317100,peripheral,0.35,0,0.389057,"Выраженных критериев ролей нет: отправителей 2, получателей 3; требуется проверка."
100000000291906100,transit,0.650564,50,0.681645,Признаки транзита: выход/вход=1.17; совместимо за 0–2 дня 43% входа.
100000000291908100,terminal,0.767672,50,0.615751,"Наблюдаемый сток: вход 295,500.00 KZT; выход/вход=0.05; depth=3. Не полный баланс."
100000000297649100,peripheral,0.35,12,0.392372,"Выраженных критериев ролей нет: отправителей 1, получателей 1; требуется проверка."
100000000299820100,peripheral,0.15,6,0.113434,"Выраженных критериев ролей нет: отправителей 1, получателей 0; требуется проверка. Граница depth=4: исходящие обрезаны."
100000000307908100,terminal,0.661809,43,0.244259,"Наблюдаемый сток: вход 5,000.00 KZT; выход/вход=0.00; depth=2. Не полный баланс."
100000000331309100,distributor,0.995602,5,0.92415,"Признаки распределения: 99 получателей; выход 23,001,375.00 KZT; отправителей 5."
100000000332284100,consolidator,0.932375,5,0.785938,"Признаки сбора: 10 отправителей; вход 107,426.00 KZT; получателей 3."
100000000343175100,distributor,0.974817,11,0.945187,"Признаки распределения: 31 получателей; выход 4,000,039.00 KZT; отправителей 8. Seed: входящие неполны."
100000000369781100,peripheral,0.15,5,0.152038,"Выраженных критериев ролей нет: отправителей 1, получателей 0; требуется проверка. Граница depth=4: исходящие обрезаны."
100000000375150100,peripheral,0.15,13,0.318108,"Выраженных критериев ролей нет: отправителей 1, получателей 0; требуется проверка. Граница depth=4: исходящие обрезаны."
100000000404740100,peripheral,0.15,26,0.17209,"Выраженных критериев ролей нет: отправителей 1, получателей 0; требуется проверка. Граница depth=4: исходящие обрезаны."
100000000408846100,terminal,0.721147,27,0.360593,"Наблюдаемый сток: вход 40,500.00 KZT; выход/вход=0.00; depth=3. Не полный баланс."
100000000413678100,peripheral,0.35,6,0.511038,"Выраженных критериев ролей нет: отправителей 2, получателей 3; требуется проверка."
100000000424935100,peripheral,0.15,28,0.102095,"Выраженных критериев ролей нет: отправителей 1, получателей 0; требуется проверка. Граница depth=4: исходящие обрезаны."
100000000425407100,terminal,0.694429,3,0.318127,"Наблюдаемый сток: вход 20,000.00 KZT; выход/вход=0.00; depth=2. Не полный баланс."
100000000437046100,distributor,0.982514,0,0.915567,"Признаки распределения: 42 получателей; выход 7,606,224.00 KZT; отправителей 9."
100000000440392100,terminal,0.753608,4,0.479375,"Наблюдаемый сток: вход 105,705.00 KZT; выход/вход=0.00; depth=1. Не полный баланс."
100000000456947100,peripheral,0.15,72,0.0,Нет межклиентских переводов в выборке; данных для содержательной роли недостаточно. Seed: входящие неполны.
100000000470237100,peripheral,0.15,28,0.19256,"Выраженных критериев ролей нет: отправителей 1, получателей 0; требуется проверка. Граница depth=4: исходящие обрезаны."
100000000481716100,terminal,0.668948,7,0.282174,"Наблюдаемый сток: вход 8,000.00 KZT; выход/вход=0.00; depth=3. Не полный баланс."
100000000489417100,consolidator,0.90081,13,0.606596,"Признаки сбора: 3 отправителей; вход 73,504.00 KZT; получателей 1."
100000000490383100,distributor,0.917334,4,0.770481,"Признаки распределения: 8 получателей; выход 461,375.00 KZT; отправителей 3."
100000000500040100,peripheral,0.15,0,0.148675,"Выраженных критериев ролей нет: отправителей 1, получателей 0; требуется проверка. Граница depth=4: исходящие обрезаны."
100000000507799100,peripheral,0.35,38,0.243268,"Выраженных критериев ролей нет: отправителей 1, получателей 1; требуется проверка."
100000000533217100,terminal,0.733046,0,0.444157,"Наблюдаемый сток: вход 53,587.00 KZT; выход/вход=0.00; depth=2. Не полный баланс."
100000000534581100,peripheral,0.35,6,0.345032,"Выраженных критериев ролей нет: отправителей 2, получателей 1; требуется проверка."
100000000542087100,peripheral,0.15,36,0.100674,"Выраженных критериев ролей нет: отправителей 1, получателей 0; требуется проверка. Граница depth=4: исходящие обрезаны."
100000000552584100,terminal,0.793385,24,0.648037,"Наблюдаемый сток: вход 2,500,000.00 KZT; выход/вход=0.02; depth=3. Не полный баланс."
100000000555721100,terminal,0.755449,0,0.494923,"Наблюдаемый сток: вход 113,000.00 KZT; выход/вход=0.00; depth=1. Не полный баланс."
100000000557536100,peripheral,0.15,36,0.293333,"Выраженных критериев ролей нет: отправителей 1, получателей 0; требуется проверка. Граница depth=4: исходящие обрезаны."
100000000560751100,terminal,0.703758,13,0.397516,"Наблюдаемый сток: вход 25,000.00 KZT; выход/вход=0.00; depth=3. Не полный баланс."
100000000561160100,peripheral,0.15,3,0.31896,"Выраженных критериев ролей нет: отправителей 1, получателей 0; требуется проверка. Граница depth=4: исходящие обрезаны."
100000000569479100,terminal,0.781056,0,0.535155,"Наблюдаемый сток: вход 320,000.00 KZT; выход/вход=0.00; depth=3. Не полный баланс."
100000000572276100,peripheral,0.35,1,0.188582,"Выраженных критериев ролей нет: отправителей 1, получателей 1; требуется проверка."
100000000580561100,peripheral,0.35,44,0.443559,"Выраженных критериев ролей нет: отправителей 2, получателей 3; требуется проверка. Seed: входящие неполны."
100000000581662100,peripheral,0.15,9,0.126698,"Выраженных критериев ролей нет: отправителей 1, получателей 0; требуется проверка. Граница depth=4: исходящие обрезаны."
100000000581682100,peripheral,0.15,28,0.052338,"Выраженных критериев ролей нет: отправителей 1, получателей 0; требуется проверка. Граница depth=4: исходящие обрезаны."
100000000583220100,peripheral,0.35,67,0.433778,"Выраженных критериев ролей нет: отправителей 1, получателей 1; требуется проверка."
100000000594783100,terminal,0.784508,24,0.646903,"Наблюдаемый сток: вход 2,635,000.00 KZT; выход/вход=0.06; depth=3. Не полный баланс."
100000000596954100,peripheral,0.35,3,0.505308,"Выраженных критериев ролей нет: отправителей 1, получателей 2; требуется проверка."
100000000600707100,peripheral,0.15,37,0.250862,"Выраженных критериев ролей нет: отправителей 1, получателей 0; требуется проверка. Граница depth=4: исходящие обрезаны."
100000000607731100,peripheral,0.35,29,0.273346,"Выраженных критериев ролей нет: отправителей 1, получателей 1; требуется проверка."
100000000607941100,peripheral,0.35,4,0.468982,"Выраженных критериев ролей нет: отправителей 2, получателей 1; требуется проверка."
100000000608031100,peripheral,0.15,16,0.182505,"Выраженных критериев ролей нет: отправителей 1, получателей 0; требуется проверка. Граница depth=4: исходящие обрезаны."
100000000611474100,terminal,0.714071,23,0.394904,"Наблюдаемый сток: вход 32,000.00 KZT; выход/вход=0.00; depth=3. Не полный баланс."
100000000625169100,terminal,0.673708,1,0.247628,"Наблюдаемый сток: вход 10,000.00 KZT; выход/вход=0.00; depth=2. Не полный баланс."
100000000627521100,peripheral,0.15,39,0.095264,"Выраженных критериев ролей нет: отправителей 1, получателей 0; требуется проверка. Граница depth=4: исходящие обрезаны."
100000000629812100,terminal,0.698205,55,0.430576,"Наблюдаемый сток: вход 22,000.00 KZT; выход/вход=0.00; depth=2. Не полный баланс."
100000000634341100,peripheral,0.15,0,0.168366,"Выраженных критериев ролей нет: отправителей 1, получателей 0; требуется проверка. Граница depth=4: исходящие обрезаны."
100000000640800100,peripheral,0.35,6,0.47515,"Выраженных критериев ролей нет: отправителей 1, получателей 4; требуется проверка."
100000000646541100,consolidator,0.880258,0,0.470396,"Признаки сбора: 3 отправителей; вход 25,300.00 KZT; получателей 0."
100000000655469100,peripheral,0.15,22,0.162597,"Выраженных критериев ролей нет: отправителей 1, получателей 0; требуется проверка. Граница depth=4: исходящие обрезаны."
100000000656682100,transit,0.605704,0,0.518498,Признаки транзита: выход/вход=1.13; совместимо за 0–2 дня 0% входа.
100000000661131100,terminal,0.685512,1,0.262916,"Наблюдаемый сток: вход 15,600.00 KZT; выход/вход=0.00; depth=3. Не полный баланс."
100000000661912100,consolidator,0.957085,6,0.838525,"Признаки сбора: 5 отправителей; вход 393,036.00 KZT; получателей 2."
100000000667713100,distributor,0.863076,4,0.717939,"Признаки распределения: 6 получателей; выход 79,236.00 KZT; отправителей 2."
100000000673868100,distributor,0.902504,30,0.743125,"Признаки распределения: 5 получателей; выход 383,000.00 KZT; отправителей 1."
100000000673915100,peripheral,0.15,36,0.147076,"Выраженных критериев ролей нет: отправителей 1, получателей 0; требуется проверка. Граница depth=4: исходящие обрезаны."
100000000703894100,peripheral,0.35,29,0.330378,"Выраженных критериев ролей нет: отправителей 1, получателей 1; требуется проверка."
100000000703902100,terminal,0.705249,1,0.329325,"Наблюдаемый сток: вход 25,499.00 KZT; выход/вход=0.00; depth=1. Не полный баланс."
100000000704700100,peripheral,0.15,25,0.118967,"Выраженных критериев ролей нет: отправителей 1, получателей 0; требуется проверка. Граница depth=4: исходящие обрезаны."
100000000706545100,consolidator,0.959627,4,0.756476,"Признаки сбора: 3 отправителей; вход 1,070,300.00 KZT; получателей 1."
100000000718427100,terminal,0.66568,1,0.227045,"Наблюдаемый сток: вход 6,000.00 KZT; выход/вход=0.00; depth=2. Не полный баланс."
100000000723383100,peripheral,0.35,22,0.401994,"Выраженных критериев ролей нет: отправителей 1, получателей 2; требуется проверка."
100000000724540100,peripheral,0.35,20,0.432666,"Выраженных критериев ролей нет: отправителей 1, получателей 1; требуется проверка."
100000000733373100,terminal,0.676437,4,0.336956,"Наблюдаемый сток: вход 10,710.00 KZT; выход/вход=0.00; depth=2. Не полный баланс."
100000000733451100,peripheral,0.35,13,0.468391,"Выраженных критериев ролей нет: отправителей 1, получателей 1; требуется проверка."
100000000733940100,peripheral,0.15,31,0.335219,"Выраженных критериев ролей нет: отправителей 1, получателей 0; требуется проверка. Граница depth=4: исходящие обрезаны."
100000000737152100,peripheral,0.15,0,0.225507,"Выраженных критериев ролей нет: отправителей 1, получателей 0; требуется проверка. Граница depth=4: исходящие обрезаны."
100000000749118100,peripheral,0.35,0,0.201139,"Выраженных критериев ролей нет: отправителей 1, получателей 1; требуется проверка."
100000000764836100,peripheral,0.35,6,0.416872,"Выраженных критериев ролей нет: отправителей 1, получателей 2; требуется проверка."
100000000765628100,terminal,0.661809,4,0.260125,"Наблюдаемый сток: вход 5,000.00 KZT; выход/вход=0.00; depth=2. Не полный баланс."
100000000769919100,terminal,0.775916,61,0.546716,"Наблюдаемый сток: вход 250,000.00 KZT; выход/вход=0.00; depth=2. Не полный баланс."
100000000782285100,terminal,0.666283,0,0.266019,"Наблюдаемый сток: вход 6,151.00 KZT; выход/вход=0.00; depth=3. Не полный баланс."
100000000783406100,terminal,0.666124,35,0.232542,"Наблюдаемый сток: вход 6,066.00 KZT; выход/вход=0.00; depth=3. Не полный баланс."
100000000785800100,transit,0.945,56,0.446851,Признаки транзита: выход/вход=1.00; совместимо за 0–2 дня 100% входа.
100000000790311100,terminal,0.724986,15,0.436828,"Наблюдаемый сток: вход 46,300.00 KZT; выход/вход=0.00; depth=2. Не полный баланс."
100000000791285100,peripheral,0.35,27,0.49901,"Выраженных критериев ролей нет: отправителей 1, получателей 3; требуется проверка."
100000000795033100,terminal,0.691351,0,0.373609,"Наблюдаемый сток: вход 18,200.00 KZT; выход/вход=0.00; depth=2. Не полный баланс."
100000000795129100,terminal,0.781786,15,0.596875,"Наблюдаемый сток: вход 332,000.00 KZT; выход/вход=0.00; depth=2. Не полный баланс."
100000000795374100,terminal,0.729365,6,0.37883,"Наблюдаемый сток: вход 50,000.00 KZT; выход/вход=0.00; depth=3. Не полный баланс."
100000000802149100,terminal,0.753101,0,0.432188,"Наблюдаемый сток: вход 104,128.00 KZT; выход/вход=0.00; depth=3. Не полный баланс."
100000000803368100,peripheral,0.15,14,0.272494,"Выраженных критериев ролей нет: отправителей 1, получателей 0; требуется проверка. Граница depth=4: исходящие обрезаны."
100000000806727100,peripheral,0.35,3,0.34052,"Выраженных критериев ролей нет: отправителей 1, получателей 1; требуется проверка."
100000000810551100,terminal,0.732864,3,0.656178,"Наблюдаемый сток: вход 100,000.00 KZT; выход/вход=0.07; depth=1. Не полный баланс."
100000000817146100,terminal,0.740535,4,0.553255,"Наблюдаемый сток: вход 70,020.00 KZT; выход/вход=0.00; depth=1. Не полный баланс."
100000000821507100,terminal,0.785435,30,0.598648,"Наблюдаемый сток: вход 400,000.00 KZT; выход/вход=0.00; depth=2. Не полный баланс."
100000000831684100,peripheral,0.35,12,0.279065,"Выраженных критериев ролей нет: отправителей 1, получателей 1; требуется проверка."
100000000838385100,peripheral,0.35,28,0.470648,"Выраженных критериев ролей нет: отправителей 1, получателей 2; требуется проверка."
100000000850297100,transit,0.945,11,0.409746,Признаки транзита: выход/вход=1.00; совместимо за 0–2 дня 100% входа.
100000000860514100,peripheral,0.35,26,0.292365,"Выраженных критериев ролей нет: отправителей 1, получателей 1; требуется проверка."
100000000861294100,terminal,0.762049,8,0.476039,"Наблюдаемый сток: вход 150,000.00 KZT; выход/вход=0.00; depth=2. Не полный баланс."
100000000870121100,terminal,0.67796,13,0.313986,"Наблюдаемый сток: вход 12,000.00 KZT; выход/вход=0.00; depth=3. Не полный баланс."
100000000878006100,terminal,0.725875,5,0.404051,"Наблюдаемый сток: вход 47,003.00 KZT; выход/вход=0.00; depth=3. Не полный баланс."
100000000896111100,terminal,0.779121,24,0.527924,"Наблюдаемый сток: вход 287,100.00 KZT; выход/вход=0.00; depth=3. Не полный баланс."
100000000907277100,terminal,0.689415,1,0.291756,"Наблюдаемый сток: вход 17,534.00 KZT; выход/вход=0.00; depth=1. Не полный баланс."
100000000910216100,peripheral,0.35,3,0.454541,"Выраженных критериев ролей нет: отправителей 1, получателей 1; требуется проверка."
100000000912487100,terminal,0.673708,3,0.311978,"Наблюдаемый сток: вход 10,000.00 KZT; выход/вход=0.00; depth=2. Не полный баланс."
100000000913911100,peripheral,0.35,3,0.47946,"Выраженных критериев ролей нет: отправителей 2, получателей 1; требуется проверка."
100000000917179100,terminal,0.748722,14,0.465732,"Наблюдаемый сток: вход 94,465.00 KZT; выход/вход=0.00; depth=2. Не полный баланс."
100000000922570100,transit,0.667871,12,0.419158,Признаки транзита: выход/вход=1.06; совместимо за 0–2 дня 0% входа.
100000000926078100,peripheral,0.15,6,0.324825,"Выраженных критериев ролей нет: отправителей 1, получателей 0; требуется проверка. Граница depth=4: исходящие обрезаны."
100000000926766100,peripheral,0.35,26,0.162749,"Выраженных критериев ролей нет: отправителей 1, получателей 1; требуется проверка."
100000000933075100,peripheral,0.35,12,0.39469,"Выраженных критериев ролей нет: отправителей 1, получателей 2; требуется проверка."
100000000941942100,terminal,0.758114,3,0.55984,"Наблюдаемый сток: вход 130,000.00 KZT; выход/вход=0.00; depth=1. Не полный баланс."
100000000942301100,terminal,0.735267,0,0.42658,"Наблюдаемый сток: вход 57,580.00 KZT; выход/вход=0.00; depth=3. Не полный баланс."
100000000943371100,terminal,0.684973,13,0.410996,"Наблюдаемый сток: вход 15,500.00 KZT; выход/вход=0.00; depth=2. Не полный баланс."
100000000945428100,terminal,0.746818,0,0.443135,"Наблюдаемый сток: вход 89,629.00 KZT; выход/вход=0.00; depth=1. Не полный баланс."
100000000954884100,terminal,0.71534,35,0.362774,"Наблюдаемый сток: вход 34,000.00 KZT; выход/вход=0.00; depth=3. Не полный баланс."
100000000955444100,terminal,0.667044,44,0.280051,"Наблюдаемый сток: вход 6,910.00 KZT; выход/вход=0.00; depth=2. Не полный баланс."
100000000955529100,peripheral,0.35,3,0.261974,"Выраженных критериев ролей нет: отправителей 1, получателей 1; требуется проверка."
100000000957746100,peripheral,0.15,16,0.139773,"Выраженных критериев ролей нет: отправителей 1, получателей 0; требуется проверка. Граница depth=4: исходящие обрезаны."
100000000961900100,terminal,0.717466,0,0.364835,"Наблюдаемый сток: вход 36,000.00 KZT; выход/вход=0.00; depth=1. Не полный баланс."
100000000967918100,terminal,0.697539,0,0.382142,"Наблюдаемый сток: вход 21,200.00 KZT; выход/вход=0.00; depth=2. Не полный баланс."
100000000968253100,terminal,0.683545,1,0.276861,"Наблюдаемый сток: вход 15,000.00 KZT; выход/вход=0.00; depth=1. Не полный баланс."
100000000971908100,terminal,0.746659,8,0.432744,"Наблюдаемый сток: вход 89,000.00 KZT; выход/вход=0.00; depth=2. Не полный баланс."
100000000976943100,transit,0.53525,11,0.507844,Признаки транзита: выход/вход=1.20; совместимо за 0–2 дня 16% входа.
100000000978041100,terminal,0.723083,1,0.378952,"Наблюдаемый сток: вход 44,445.00 KZT; выход/вход=0.00; depth=1. Не полный баланс."
100000000979567100,terminal,0.673708,1,0.307383,"Наблюдаемый сток: вход 10,000.00 KZT; выход/вход=0.00; depth=2. Не полный баланс."
100000000979923100,terminal,0.749959,11,0.560952,"Наблюдаемый сток: вход 97,900.00 KZT; выход/вход=0.00; depth=1. Не полный баланс."
100000000981693100,peripheral,0.15,0,0.165564,"Выраженных критериев ролей нет: отправителей 1, получателей 0; требуется проверка. Граница depth=4: исходящие обрезаны."
100000000993112100,terminal,0.760494,32,0.492916,"Наблюдаемый сток: вход 141,000.00 KZT; выход/вход=0.00; depth=2. Не полный баланс."
100000000998559100,terminal,0.751324,3,0.540174,"Наблюдаемый сток: вход 100,000.00 KZT; выход/вход=0.00; depth=1. Не полный баланс."
100000001009583100,terminal,0.784959,5,0.570844,"Наблюдаемый сток: вход 393,740.00 KZT; выход/вход=0.00; depth=3. Не полный баланс."
100000001046057100,terminal,0.745041,2,0.433445,"Наблюдаемый сток: вход 83,420.00 KZT; выход/вход=0.00; depth=3. Не полный баланс."
100000001046626100,terminal,0.762049,5,0.49848,"Наблюдаемый сток: вход 150,000.00 KZT; выход/вход=0.00; depth=3. Не полный баланс."
100000001049200100,coordinator,0.874962,17,0.695901,Структурный посредник: betweenness=0.00116; внешних кластеров 2; достижим от 3 seed.
100000001052789100,terminal,0.740789,17,0.407592,"Наблюдаемый сток: вход 70,975.00 KZT; выход/вход=0.00; depth=3. Не полный баланс."
100000001052945100,peripheral,0.35,57,0.469876,"Выраженных критериев ролей нет: отправителей 1, получателей 3; требуется проверка."
100000001053894100,peripheral,0.15,39,0.406629,"Выраженных критериев ролей нет: отправителей 1, получателей 0; требуется проверка. Граница depth=4: исходящие обрезаны."
100000001056414100,terminal,0.775916,9,0.518469,"Наблюдаемый сток: вход 250,000.00 KZT; выход/вход=0.00; depth=3. Не полный баланс."
100000001063678100,peripheral,0.35,23,0.401075,"Выраженных критериев ролей нет: отправителей 1, получателей 2; требуется проверка."
100000001065234100,peripheral,0.15,58,0.319988,"Выраженных критериев ролей нет: отправителей 1, получателей 0; требуется проверка. Граница depth=4: исходящие обрезаны."
100000001065481100,peripheral,0.15,13,0.13397,"Выраженных критериев ролей нет: отправителей 1, получателей 0; требуется проверка. Граница depth=4: исходящие обрезаны."
100000001066017100,peripheral,0.35,0,0.435907,"Выраженных критериев ролей нет: отправителей 2, получателей 4; требуется проверка."
100000001072022100,consolidator,0.980281,3,0.770237,"Признаки сбора: 3 отправителей; вход 1,684,000.00 KZT; получателей 0."
100000001073568100,peripheral,0.35,14,0.432784,"Выраженных критериев ролей нет: отправителей 1, получателей 2; требуется проверка."
100000001074553100,terminal,0.709248,2,0.362037,"Наблюдаемый сток: вход 28,971.00 KZT; выход/вход=0.00; depth=1. Не полный баланс."
100000001083990100,terminal,0.72816,12,0.450797,"Наблюдаемый сток: вход 49,900.00 KZT; выход/вход=0.00; depth=2. Не полный баланс."
100000001089055100,peripheral,0.15,16,0.109612,"Выраженных критериев ролей нет: отправителей 1, получателей 0; требуется проверка. Граница depth=4: исходящие обрезаны."
100000001102676100,transit,0.945,3,0.608262,Признаки транзита: выход/вход=1.00; совместимо за 0–2 дня 100% входа.
100000001103905100,terminal,0.690684,1,0.294936,"Наблюдаемый сток: вход 18,000.00 KZT; выход/вход=0.00; depth=1. Не полный баланс."
100000001110358100,terminal,0.714071,0,0.367334,"Наблюдаемый сток: вход 32,000.00 KZT; выход/вход=0.00; depth=3. Не полный баланс."
100000001111763100,terminal,0.688083,1,0.288912,"Наблюдаемый сток: вход 17,144.00 KZT; выход/вход=0.00; depth=1. Не полный баланс."
100000001114385100,terminal,0.709819,3,0.355906,"Наблюдаемый сток: вход 29,500.00 KZT; выход/вход=0.00; depth=2. Не полный баланс."
100000001126374100,consolidator,0.93125,0,0.67102,"Признаки сбора: 4 отправителей; вход 182,500.00 KZT; получателей 2."
100000001130176100,terminal,0.703758,0,0.42619,"Наблюдаемый сток: вход 25,000.00 KZT; выход/вход=0.00; depth=3. Не полный баланс."
100000001130553100,peripheral,0.15,5,0.199678,"Выраженных критериев ролей нет: отправителей 1, получателей 0; требуется проверка. Граница depth=4: исходящие обрезаны."
100000001131403100,peripheral,0.15,57,0.358764,"Выраженных критериев ролей нет: отправителей 1, получателей 0; требуется проверка. Граница depth=4: исходящие обрезаны."
100000001138283100,peripheral,0.35,6,0.300849,"Выраженных критериев ролей нет: отправителей 1, получателей 2; требуется проверка."
100000001138376100,terminal,0.684814,15,0.331626,"Наблюдаемый сток: вход 15,300.00 KZT; выход/вход=0.00; depth=2. Не полный баланс."
100000001140785100,terminal,0.772076,2,0.551976,"Наблюдаемый сток: вход 215,000.00 KZT; выход/вход=0.00; depth=3. Не полный баланс."
100000001141268100,terminal,0.78316,21,0.686417,"Наблюдаемый сток: вход 480,000.00 KZT; выход/вход=0.02; depth=3. Не полный баланс."
100000001145749100,terminal,0.673708,3,0.326932,"Наблюдаемый сток: вход 10,000.00 KZT; выход/вход=0.00; depth=3. Не полный баланс."
100000001149815100,terminal,0.67796,1,0.24529,"Наблюдаемый сток: вход 12,000.00 KZT; выход/вход=0.00; depth=3. Не полный баланс."
100000001155773100,terminal,0.697761,1,0.292972,"Наблюдаемый сток: вход 21,500.00 KZT; выход/вход=0.00; depth=3. Не полный баланс."
100000001160401100,terminal,0.726224,0,0.38307,"Наблюдаемый сток: вход 47,190.00 KZT; выход/вход=0.00; depth=3. Не полный баланс."
100000001162560100,distributor,0.96797,2,0.669944,"Признаки распределения: 12 получателей; выход 2,904,398.00 KZT; отправителей 1."
100000001164648100,terminal,0.680752,18,0.332067,"Наблюдаемый сток: вход 13,660.00 KZT; выход/вход=0.00; depth=1. Не полный баланс."
100000001166289100,terminal,0.784893,1,0.600544,"Наблюдаемый сток: вход 721,039.00 KZT; выход/вход=0.03; depth=2. Не полный баланс."
100000001169666100,peripheral,0.35,7,0.38937,"Выраженных критериев ролей нет: отправителей 1, получателей 1; требуется проверка."
100000001184915100,terminal,0.770934,15,0.564469,"Наблюдаемый сток: вход 201,000.00 KZT; выход/вход=0.00; depth=2. Не полный баланс."
100000001194266100,terminal,0.729365,3,0.477533,"Наблюдаемый сток: вход 50,000.00 KZT; выход/вход=0.00; depth=1. Не полный баланс."
100000001202637100,peripheral,0.15,7,0.121501,"Выраженных критериев ролей нет: отправителей 1, получателей 0; требуется проверка. Граница depth=4: исходящие обрезаны."
100000001202787100,peripheral,0.15,0,0.169016,"Выраженных критериев ролей нет: отправителей 2, получателей 0; требуется проверка. Граница depth=4: исходящие обрезаны."
100000001220124100,peripheral,0.15,6,0.224985,"Выраженных критериев ролей нет: отправителей 1, получателей 0; требуется проверка. Граница depth=4: исходящие обрезаны."
100000001222245100,peripheral,0.15,5,0.377143,"Выраженных критериев ролей нет: отправителей 1, получателей 0; требуется проверка. Граница depth=4: исходящие обрезаны."
100000001222263100,peripheral,0.35,5,0.467197,"Выраженных критериев ролей нет: отправителей 1, получателей 1; требуется проверка."
100000001223977100,peripheral,0.35,51,0.258092,"Выраженных критериев ролей нет: отправителей 1, получателей 1; требуется проверка."
100000001227106100,terminal,0.764461,5,0.507121,"Наблюдаемый сток: вход 164,765.00 KZT; выход/вход=0.00; depth=3. Не полный баланс."
100000001229743100,peripheral,0.35,0,0.142193,"Выраженных критериев ролей нет: отправителей 1, получателей 1; требуется проверка."
100000001232297100,peripheral,0.35,13,0.306409,"Выраженных критериев ролей нет: отправителей 1, получателей 2; требуется проверка."
100000001236706100,consolidator,0.910163,13,0.762834,"Признаки сбора: 3 отправителей; вход 142,700.00 KZT; получателей 2."
100000001241318100,terminal,0.732507,0,0.434113,"Наблюдаемый сток: вход 53,000.00 KZT; выход/вход=0.00; depth=2. Не полный баланс."
100000001246806100,peripheral,0.15,2,0.267718,"Выраженных критериев ролей нет: отправителей 1, получателей 0; требуется проверка. Граница depth=4: исходящие обрезаны."
100000001248999100,terminal,0.699855,16,0.298454,"Наблюдаемый сток: вход 23,425.00 KZT; выход/вход=0.00; depth=3. Не полный баланс."
100000001249054100,peripheral,0.15,7,0.123346,"Выраженных критериев ролей нет: отправителей 1, получателей 0; требуется проверка. Граница depth=4: исходящие обрезаны."
100000001250022100,terminal,0.729365,8,0.3827,"Наблюдаемый сток: вход 50,000.00 KZT; выход/вход=0.00; depth=2. Не полный баланс."
100000001251686100,terminal,0.690684,3,0.357318,"Наблюдаемый сток: вход 18,000.00 KZT; выход/вход=0.00; depth=2. Не полный баланс."
100000001252290100,terminal,0.75137,5,0.539715,"Наблюдаемый сток: вход 141,005.00 KZT; выход/вход=0.04; depth=3. Не полный баланс."
100000001253557100,consolidator,0.964438,2,0.680334,"Признаки сбора: 5 отправителей; вход 210,200.00 KZT; получателей 0."
100000001256409100,peripheral,0.15,20,0.114094,"Выраженных критериев ролей нет: отправителей 1, получателей 0; требуется проверка. Граница depth=4: исходящие обрезаны."
100000001262647100,terminal,0.700553,15,0.329798,"Наблюдаемый сток: вход 23,650.00 KZT; выход/вход=0.00; depth=2. Не полный баланс."
100000001270349100,terminal,0.770331,8,0.502968,"Наблюдаемый сток: вход 200,000.00 KZT; выход/вход=0.00; depth=3. Не полный баланс."
100000001270470100,peripheral,0.15,0,0.195381,"Выраженных критериев ролей нет: отправителей 1, получателей 0; требуется проверка. Граница depth=4: исходящие обрезаны."
100000001273783100,terminal,0.699601,11,0.319979,"Наблюдаемый сток: вход 23,200.00 KZT; выход/вход=0.00; depth=2. Не полный баланс."
100000001275557100,peripheral,0.15,23,0.137897,"Выраженных критериев ролей нет: отправителей 1, получателей 0; требуется проверка. Граница depth=4: исходящие обрезаны."
100000001275752100,terminal,0.762747,2,0.451742,"Наблюдаемый сток: вход 151,500.00 KZT; выход/вход=0.00; depth=3. Не полный баланс."
100000001276409100,peripheral,0.15,7,0.25513,"Выраженных критериев ролей нет: отправителей 1, получателей 0; требуется проверка. Граница depth=4: исходящие обрезаны."
100000001279272100,peripheral,0.35,0,0.468534,"Выраженных критериев ролей нет: отправителей 1, получателей 2; требуется проверка."
100000001279875100,terminal,0.727779,9,0.390321,"Наблюдаемый сток: вход 49,235.00 KZT; выход/вход=0.00; depth=2. Не полный баланс."
100000001280798100,terminal,0.701188,7,0.314323,"Наблюдаемый сток: вход 23,785.00 KZT; выход/вход=0.00; depth=3. Не полный баланс."
100000001282143100,consolidator,0.993064,9,0.752688,"Признаки сбора: 5 отправителей; вход 1,700,000.00 KZT; получателей 0."
100000001285440100,terminal,0.775186,21,0.506521,"Наблюдаемый сток: вход 243,000.00 KZT; выход/вход=0.00; depth=3. Не полный баланс."
100000001286703100,peripheral,0.15,39,0.146537,"Выраженных критериев ролей нет: отправителей 1, получателей 0; требуется проверка. Граница depth=4: исходящие обрезаны."
100000001287955100,coordinator,0.834532,9,0.665925,Структурный посредник: betweenness=0.0006803; внешних кластеров 3; достижим от 1 seed.
100000001290243100,terminal,0.673708,4,0.284219,"Наблюдаемый сток: вход 10,000.00 KZT; выход/вход=0.00; depth=2. Не полный баланс."
100000001297206100,peripheral,0.15,0,0.072279,"Выраженных критериев ролей нет: отправителей 1, получателей 0; требуется проверка. Граница depth=4: исходящие обрезаны."
100000001298099100,terminal,0.691954,7,0.291649,"Наблюдаемый сток: вход 19,000.00 KZT; выход/вход=0.00; depth=3. Не полный баланс."
100000001299323100,peripheral,0.15,2,0.250432,"Выраженных критериев ролей нет: отправителей 1, получателей 0; требуется проверка. Граница depth=4: исходящие обрезаны."
100000001299443100,peripheral,0.15,18,0.059869,"Выраженных критериев ролей нет: отправителей 1, получателей 0; требуется проверка. Граница depth=4: исходящие обрезаны."
100000001299828100,peripheral,0.15,0,0.257669,"Выраженных критериев ролей нет: отправителей 1, получателей 0; требуется проверка. Граница depth=4: исходящие обрезаны."
100000001303311100,consolidator,0.992384,21,0.697512,"Признаки сбора: 5 отправителей; вход 1,324,000.00 KZT; получателей 0."
100000001307612100,terminal,0.718957,1,0.367466,"Наблюдаемый сток: вход 38,483.00 KZT; выход/вход=0.00; depth=1. Не полный баланс."
100000001308856100,terminal,0.707851,1,0.333535,"Наблюдаемый сток: вход 27,000.00 KZT; выход/вход=0.00; depth=2. Не полный баланс."
100000001311175100,peripheral,0.15,9,0.308863,"Выраженных критериев ролей нет: отправителей 1, получателей 0; требуется проверка. Граница depth=4: исходящие обрезаны."
100000001317336100,peripheral,0.35,31,0.482624,"Выраженных критериев ролей нет: отправителей 1, получателей 2; требуется проверка."
100000001325618100,peripheral,0.15,18,0.064401,"Выраженных критериев ролей нет: отправителей 1, получателей 0; требуется проверка. Граница depth=4: исходящие обрезаны."
100000001329153100,terminal,0.76262,0,0.480505,"Наблюдаемый сток: вход 150,687.00 KZT; выход/вход=0.00; depth=3. Не полный баланс."
100000001330595100,consolidator,0.905638,25,0.592185,"Признаки сбора: 3 отправителей; вход 87,000.00 KZT; получателей 1."
100000001330685100,consolidator,0.962551,5,0.759016,"Признаки сбора: 3 отправителей; вход 2,435,923.00 KZT; получателей 1."
100000001339466100,terminal,0.711215,3,0.409088,"Наблюдаемый сток: вход 30,000.00 KZT; выход/вход=0.00; depth=2. Не полный баланс."
100000001346560100,peripheral,0.35,3,0.416389,"Выраженных критериев ролей нет: отправителей 2, получателей 1; требуется проверка."
100000001362940100,terminal,0.744184,3,0.518167,"Наблюдаемый сток: вход 81,000.00 KZT; выход/вход=0.00; depth=1. Не полный баланс."
100000001363952100,peripheral,0.35,6,0.37421,"Выраженных критериев ролей нет: отправителей 2, получателей 1; требуется проверка."
100000001373265100,terminal,0.751719,6,0.514517,"Наблюдаемый сток: вход 142,482.00 KZT; выход/вход=0.04; depth=3. Не полный баланс."
100000001378288100,peripheral,0.15,6,0.302711,"Выраженных критериев ролей нет: отправителей 1, получателей 0; требуется проверка. Граница depth=4: исходящие обрезаны."
100000001379511100,terminal,0.733998,2,0.401726,"Наблюдаемый сток: вход 55,000.00 KZT; выход/вход=0.00; depth=3. Не полный баланс."
100000001380054100,peripheral,0.35,29,0.420589,"Выраженных критериев ролей нет: отправителей 2, получателей 3; требуется проверка."
100000001380107100,terminal,0.66568,55,0.261746,"Наблюдаемый сток: вход 6,000.00 KZT; выход/вход=0.00; depth=3. Не полный баланс."
100000001380986100,terminal,0.740662,2,0.402518,"Наблюдаемый сток: вход 70,170.00 KZT; выход/вход=0.00; depth=2. Не полный баланс."
100000001382002100,transit,0.75625,0,0.495767,Признаки транзита: выход/вход=1.03; совместимо за 0–2 дня 0% входа.
100000001384826100,terminal,0.776425,5,0.612171,"Наблюдаемый сток: вход 364,260.00 KZT; выход/вход=0.03; depth=3. Не полный баланс."
100000001386612100,terminal,0.737108,19,0.495356,"Наблюдаемый сток: вход 62,264.00 KZT; выход/вход=0.00; depth=2. Не полный баланс."
100000001389255100,terminal,0.686655,1,0.285435,"Наблюдаемый сток: вход 16,136.00 KZT; выход/вход=0.00; depth=1. Не полный баланс."
100000001411870100,terminal,0.795811,8,0.62659,"Наблюдаемый сток: вход 900,000.00 KZT; выход/вход=0.00; depth=1. Не полный баланс."
100000001415126100,peripheral,0.35,19,0.261778,"Выраженных критериев ролей нет: отправителей 1, получателей 0; требуется проверка. Seed: входящие неполны."
100000001418900100,terminal,0.720988,1,0.369739,"Наблюдаемый сток: вход 40,140.00 KZT; выход/вход=0.00; depth=2. Не полный баланс."
100000001420847100,terminal,0.694429,17,0.316382,"Наблюдаемый сток: вход 20,000.00 KZT; выход/вход=0.00; depth=2. Не полный баланс."
100000001427082100,distributor,0.873541,22,0.656972,"Признаки распределения: 5 получателей; выход 124,900.00 KZT; отправителей 1."
100000001429930100,peripheral,0.35,13,0.249843,"Выраженных критериев ролей нет: отправителей 1, получателей 0; требуется проверка. Seed: входящие неполны."
100000001439416100,peripheral,0.35,0,0.366737,"Выраженных критериев ролей нет: отправителей 1, получателей 2; требуется проверка."
100000001445848100,peripheral,0.35,35,0.397803,"Выраженных критериев ролей нет: отправителей 1, получателей 1; требуется проверка."
100000001463701100,terminal,0.793019,11,0.710177,"Наблюдаемый сток: вход 621,000.00 KZT; выход/вход=0.00; depth=1. Не полный баланс."
100000001471706100,peripheral,0.15,19,0.320823,"Выраженных критериев ролей нет: отправителей 1, получателей 0; требуется проверка. Граница depth=4: исходящие обрезаны."
100000001477796100,terminal,0.767158,3,0.505839,"Наблюдаемый сток: вход 182,000.00 KZT; выход/вход=0.00; depth=1. Не полный баланс."
100000001484381100,terminal,0.749483,7,0.475258,"Наблюдаемый сток: вход 95,585.00 KZT; выход/вход=0.00; depth=3. Не полный баланс."
100000001490461100,peripheral,0.35,7,0.27622,"Выраженных критериев ролей нет: отправителей 1, получателей 1; требуется проверка."
100000001498732100,peripheral,0.15,2,0.052167,"Выраженных критериев ролей нет: отправителей 1, получателей 0; требуется проверка. Граница depth=4: исходящие обрезаны."
100000001524952100,terminal,0.753037,0,0.459294,"Наблюдаемый сток: вход 103,807.00 KZT; выход/вход=0.00; depth=1. Не полный баланс."
100000001526235100,distributor,0.915605,26,0.758185,"Признаки распределения: 8 получателей; выход 432,750.00 KZT; отправителей 3."
100000001527186100,terminal,0.793209,3,0.67109,"Наблюдаемый сток: вход 678,000.00 KZT; выход/вход=0.00; depth=1. Не полный баланс."
100000001530709100,terminal,0.7333,0,0.397117,"Наблюдаемый сток: вход 53,961.00 KZT; выход/вход=0.00; depth=3. Не полный баланс."
100000001530740100,terminal,0.683545,4,0.327508,"Наблюдаемый сток: вход 15,000.00 KZT; выход/вход=0.00; depth=2. Не полный баланс."
100000001530983100,distributor,0.947615,4,0.898472,"Признаки распределения: 11 получателей; выход 1,829,538.00 KZT; отправителей 4."
100000001533161100,peripheral,0.15,45,0.23493,"Выраженных критериев ролей нет: отправителей 1, получателей 0; требуется проверка. Граница depth=4: исходящие обрезаны."
100000001534244100,peripheral,0.35,2,0.446896,"Выраженных критериев ролей нет: отправителей 2, получателей 1; требуется проверка."
100000001537524100,peripheral,0.15,9,0.237922,"Выраженных критериев ролей нет: отправителей 1, получателей 0; требуется проверка. Граница depth=4: исходящие обрезаны."
100000001538095100,terminal,0.778296,9,0.572586,"Наблюдаемый сток: вход 280,000.00 KZT; выход/вход=0.00; depth=3. Не полный баланс."
100000001541418100,terminal,0.74961,2,0.469642,"Наблюдаемый сток: вход 96,900.00 KZT; выход/вход=0.00; depth=2. Не полный баланс."
100000001549194100,terminal,0.725177,14,0.373765,"Наблюдаемый сток: вход 46,500.00 KZT; выход/вход=0.00; depth=3. Не полный баланс."
100000001550388100,terminal,0.729365,0,0.39264,"Наблюдаемый сток: вход 50,000.00 KZT; выход/вход=0.00; depth=1. Не полный баланс."
100000001550419100,terminal,0.699252,14,0.305529,"Наблюдаемый сток: вход 23,000.00 KZT; выход/вход=0.00; depth=3. Не полный баланс."
100000001554432100,terminal,0.733237,3,0.487402,"Наблюдаемый сток: вход 53,920.00 KZT; выход/вход=0.00; depth=1. Не полный баланс."
100000001557930100,terminal,0.715911,8,0.346698,"Наблюдаемый сток: вход 34,610.00 KZT; выход/вход=0.00; depth=2. Не полный баланс."
100000001567366100,terminal,0.795304,4,0.616167,"Наблюдаемый сток: вход 824,070.00 KZT; выход/вход=0.00; depth=1. Не полный баланс."
100000001578517100,terminal,0.711215,4,0.415728,"Наблюдаемый сток: вход 30,000.00 KZT; выход/вход=0.00; depth=2. Не полный баланс."
100000001584286100,terminal,0.794225,9,0.677363,"Наблюдаемый сток: вход 738,699.00 KZT; выход/вход=0.00; depth=2. Не полный баланс."
100000001590795100,peripheral,0.15,18,0.046151,"Выраженных критериев ролей нет: отправителей 1, получателей 0; требуется проверка. Граница depth=4: исходящие обрезаны."
100000001597424100,terminal,0.726763,14,0.37847,"Наблюдаемый сток: вход 48,100.00 KZT; выход/вход=0.00; depth=3. Не полный баланс."
100000001597505100,peripheral,0.35,32,0.233758,"Выраженных критериев ролей нет: отправителей 1, получателей 1; требуется проверка."
100000001598625100,peripheral,0.15,6,0.161648,"Выраженных критериев ролей нет: отправителей 1, получателей 0; требуется проверка. Граница depth=4: исходящие обрезаны."
100000001600934100,terminal,0.751073,6,0.526651,"Наблюдаемый сток: вход 180,300.00 KZT; выход/вход=0.06; depth=3. Не полный баланс."
100000001601320100,transit,0.680905,10,0.476532,Признаки транзита: выход/вход=1.06; совместимо за 0–2 дня 0% входа.
100000001609499100,consolidator,0.92723,0,0.7295,"Признаки сбора: 3 отправителей; вход 263,113.00 KZT; получателей 2."
100000001611488100,terminal,0.794669,5,0.651185,"Наблюдаемый сток: вход 779,300.00 KZT; выход/вход=0.00; depth=3. Не полный баланс."
100000001616816100,consolidator,0.930329,8,0.882627,"Признаки сбора: 5 отправителей; вход 176,195.00 KZT; получателей 3. Seed: входящие неполны."
100000001632325100,terminal,0.745802,1,0.420573,"Наблюдаемый сток: вход 85,600.00 KZT; выход/вход=0.00; depth=3. Не полный баланс."
100000001633685100,consolidator,0.900487,0,0.484067,"Признаки сбора: 3 отправителей; вход 45,000.00 KZT; получателей 0."
100000001637376100,peripheral,0.35,5,0.397556,"Выраженных критериев ролей нет: отправителей 1, получателей 1; требуется проверка."
100000001639766100,terminal,0.694429,8,0.354457,"Наблюдаемый сток: вход 20,000.00 KZT; выход/вход=0.00; depth=3. Не полный баланс."
100000001641789100,terminal,0.690018,8,0.461117,"Наблюдаемый сток: вход 17,826.00 KZT; выход/вход=0.00; depth=1. Не полный баланс."
100000001641951100,terminal,0.703758,3,0.458235,"Наблюдаемый сток: вход 25,000.00 KZT; выход/вход=0.00; depth=2. Не полный баланс."
100000001648936100,terminal,0.748214,8,0.437104,"Наблюдаемый сток: вход 92,740.00 KZT; выход/вход=0.00; depth=2. Не полный баланс."
100000001650895100,terminal,0.746126,7,0.546691,"Наблюдаемый сток: вход 153,500.00 KZT; выход/вход=0.07; depth=3. Не полный баланс."
100000001660397100,transit,0.942737,0,0.636399,Признаки транзита: выход/вход=1.01; совместимо за 0–2 дня 76% входа.
100000001669260100,peripheral,0.15,20,0.336739,"Выраженных критериев ролей нет: отправителей 1, получателей 0; требуется проверка. Граница depth=4: исходящие обрезаны."
100000001674850100,terminal,0.774488,2,0.52932,"Наблюдаемый сток: вход 237,000.00 KZT; выход/вход=0.00; depth=3. Не полный баланс."
100000001677389100,peripheral,0.35,16,0.144079,"Выраженных критериев ролей нет: отправителей 1, получателей 1; требуется проверка."
100000001677929100,consolidator,0.906491,10,0.62681,"Признаки сбора: 3 отправителей; вход 126,777.00 KZT; получателей 2."
100000001680944100,terminal,0.784769,21,0.594207,"Наблюдаемый сток: вход 393,000.00 KZT; выход/вход=0.00; depth=3. Не полный баланс."
100000001684867100,terminal,0.712738,4,0.367069,"Наблюдаемый сток: вход 30,550.00 KZT; выход/вход=0.00; depth=1. Не полный баланс."
100000001686328100,terminal,0.76005,2,0.494875,"Наблюдаемый сток: вход 140,000.00 KZT; выход/вход=0.00; depth=3. Не полный баланс."
100000001688676100,terminal,0.758685,17,0.45993,"Наблюдаемый сток: вход 133,700.00 KZT; выход/вход=0.00; depth=3. Не полный баланс."
100000001689968100,consolidator,0.963146,5,0.630628,"Признаки сбора: 3 отправителей; вход 344,333.75 KZT; получателей 0."
100000001690439100,terminal,0.681863,5,0.315684,"Наблюдаемый сток: вход 14,200.00 KZT; выход/вход=0.00; depth=3. Не полный баланс."
100000001690558100,terminal,0.794288,17,0.573563,"Наблюдаемый сток: вход 740,000.00 KZT; выход/вход=0.00; depth=3. Не полный баланс."
100000001696818100,terminal,0.732951,3,0.405688,"Наблюдаемый сток: вход 53,550.00 KZT; выход/вход=0.00; depth=1. Не полный баланс."
100000001697501100,distributor,0.976717,1,0.802387,"Признаки распределения: 38 получателей; выход 1,482,606.00 KZT; отправителей 3."
100000001703168100,peripheral,0.35,3,0.331375,"Выраженных критериев ролей нет: отправителей 1, получателей 1; требуется проверка."
100000001714173100,terminal,0.793083,21,0.64019,"Наблюдаемый сток: вход 638,905.00 KZT; выход/вход=0.00; depth=3. Не полный баланс."
100000001714413100,terminal,0.776201,5,0.540756,"Наблюдаемый сток: вход 250,172.00 KZT; выход/вход=0.00; depth=3. Не полный баланс."
100000001714883100,peripheral,0.15,18,0.055337,"Выраженных критериев ролей нет: отправителей 1, получателей 0; требуется проверка. Граница depth=4: исходящие обрезаны."
100000001716579100,terminal,0.680943,1,0.270132,"Наблюдаемый сток: вход 13,916.00 KZT; выход/вход=0.00; depth=1. Не полный баланс."
100000001724740100,peripheral,0.15,2,0.286709,"Выраженных критериев ролей нет: отправителей 1, получателей 0; требуется проверка. Граница depth=4: исходящие обрезаны."
100000001726614100,terminal,0.759637,0,0.451225,"Наблюдаемый сток: вход 138,717.00 KZT; выход/вход=0.00; depth=3. Не полный баланс."
100000001732159100,peripheral,0.35,40,0.593971,"Выраженных критериев ролей нет: отправителей 2, получателей 4; требуется проверка. Seed: входящие неполны."
100000001733216100,peripheral,0.15,0,0.243852,"Выраженных критериев ролей нет: отправителей 1, получателей 0; требуется проверка. Граница depth=4: исходящие обрезаны."
100000001733687100,terminal,0.779946,2,0.537316,"Наблюдаемый сток: вход 300,000.00 KZT; выход/вход=0.00; depth=3. Не полный баланс."
100000001737722100,terminal,0.7366,3,0.448343,"Наблюдаемый сток: вход 60,460.00 KZT; выход/вход=0.00; depth=2. Не полный баланс."
100000001740277100,peripheral,0.35,10,0.135437,"Выраженных критериев ролей нет: отправителей 1, получателей 1; требуется проверка."
100000001745217100,terminal,0.729365,0,0.365999,"Наблюдаемый сток: вход 50,000.00 KZT; выход/вход=0.00; depth=3. Не полный баланс."
100000001746925100,terminal,0.718581,3,0.626978,"Наблюдаемый сток: вход 65,250.00 KZT; выход/вход=0.08; depth=1. Не полный баланс."
100000001782980100,peripheral,0.35,29,0.381702,"Выраженных критериев ролей нет: отправителей 1, получателей 1; требуется проверка."
100000001784279100,terminal,0.71718,0,0.333943,"Наблюдаемый сток: вход 35,674.00 KZT; выход/вход=0.00; depth=3. Не полный баланс."
100000001785161100,terminal,0.711215,30,0.361455,"Наблюдаемый сток: вход 30,000.00 KZT; выход/вход=0.00; depth=3. Не полный баланс."
100000001788284100,distributor,0.894939,26,0.641246,"Признаки распределения: 5 получателей; выход 296,700.00 KZT; отправителей 1."
100000001805543100,terminal,0.735585,4,0.428203,"Наблюдаемый сток: вход 59,000.00 KZT; выход/вход=0.00; depth=1. Не полный баланс."
100000001808684100,peripheral,0.35,8,0.288248,"Выраженных критериев ролей нет: отправителей 1, получателей 1; требуется проверка."
100000001816678100,peripheral,0.15,3,0.24965,"Выраженных критериев ролей нет: отправителей 1, получателей 0; требуется проверка. Граница depth=4: исходящие обрезаны."
100000001818442100,terminal,0.722067,7,0.370216,"Наблюдаемый сток: вход 42,215.00 KZT; выход/вход=0.00; depth=3. Не полный баланс."
100000001819396100,terminal,0.764905,27,0.484882,"Наблюдаемый сток: вход 166,080.00 KZT; выход/вход=0.00; depth=3. Не полный баланс."
100000001822623100,terminal,0.770997,23,0.502392,"Наблюдаемый сток: вход 201,300.00 KZT; выход/вход=0.00; depth=2. Не полный баланс."
100000001822650100,peripheral,0.15,2,0.257161,"Выраженных критериев ролей нет: отправителей 1, получателей 0; требуется проверка. Граница depth=4: исходящие обрезаны."
100000001825934100,peripheral,0.35,37,0.310855,"Выраженных критериев ролей нет: отправителей 1, получателей 1; требуется проверка."
100000001831496100,peripheral,0.35,11,0.333552,"Выраженных критериев ролей нет: отправителей 1, получателей 1; требуется проверка."
100000001835625100,terminal,0.742312,5,0.442343,"Наблюдаемый сток: вход 75,130.00 KZT; выход/вход=0.00; depth=3. Не полный баланс."
100000001837130100,terminal,0.765984,0,0.472589,"Наблюдаемый сток: вход 172,900.00 KZT; выход/вход=0.00; depth=3. Не полный баланс."
100000001845505100,peripheral,0.15,6,0.183659,"Выраженных критериев ролей нет: отправителей 1, получателей 0; требуется проверка. Граница depth=4: исходящие обрезаны."
100000001848426100,terminal,0.74942,8,0.441041,"Наблюдаемый сток: вход 95,530.00 KZT; выход/вход=0.00; depth=2. Не полный баланс."
100000001851289100,terminal,0.754306,4,0.481664,"Наблюдаемый сток: вход 109,510.00 KZT; выход/вход=0.00; depth=1. Не полный баланс."
100000001852140100,terminal,0.711215,59,0.392552,"Наблюдаемый сток: вход 30,000.00 KZT; выход/вход=0.00; depth=3. Не полный баланс."
100000001853812100,terminal,0.740059,6,0.408813,"Наблюдаемый сток: вход 70,000.00 KZT; выход/вход=0.00; depth=3. Не полный баланс."
100000001857829100,coordinator,0.961796,6,0.8737,Структурный посредник: betweenness=0.00196; внешних кластеров 6; достижим от 3 seed.
100000001860090100,terminal,0.661809,8,0.269364,"Наблюдаемый сток: вход 5,000.00 KZT; выход/вход=0.00; depth=3. Не полный баланс."
100000001870116100,terminal,0.7016,1,0.321334,"Наблюдаемый сток: вход 24,000.00 KZT; выход/вход=0.00; depth=1. Не полный баланс."
100000001872484100,peripheral,0.35,56,0.437371,"Выраженных критериев ролей нет: отправителей 1, получателей 3; требуется проверка."
100000001875167100,terminal,0.796224,5,0.621411,"Наблюдаемый сток: вход 1,000,000.00 KZT; выход/вход=0.00; depth=3. Не полный баланс."
100000001875239100,consolidator,0.975385,2,0.690582,"Признаки сбора: 3 отправителей; вход 712,000.00 KZT; получателей 0."
100000001884825100,consolidator,0.970558,2,0.65183,"Признаки сбора: 3 отправителей; вход 495,000.00 KZT; получателей 0."
100000001887715100,consolidator,0.960987,21,0.7616,"Признаки сбора: 3 отправителей; вход 1,331,500.00 KZT; получателей 1."
100000001893287100,peripheral,0.35,8,0.324835,"Выраженных критериев ролей нет: отправителей 1, получателей 1; требуется проверка."
100000001899164100,consolidator,0.936958,12,0.858052,"Признаки сбора: 4 отправителей; вход 291,675.00 KZT; получателей 3."
100000001904863100,terminal,0.789719,14,0.626739,"Наблюдаемый сток: вход 500,000.00 KZT; выход/вход=0.00; depth=2. Не полный баланс."
100000001924185100,terminal,0.762684,11,0.596846,"Наблюдаемый сток: вход 151,000.00 KZT; выход/вход=0.00; depth=1. Не полный баланс."
100000001927599100,terminal,0.768015,7,0.51993,"Наблюдаемый сток: вход 188,000.00 KZT; выход/вход=0.00; depth=3. Не полный баланс."
100000001929088100,terminal,0.785213,10,0.573804,"Наблюдаемый сток: вход 396,010.00 KZT; выход/вход=0.00; depth=1. Не полный баланс."
100000001934935100,terminal,0.756401,0,0.46295,"Наблюдаемый сток: вход 118,935.00 KZT; выход/вход=0.00; depth=3. Не полный баланс."
100000001937767100,peripheral,0.35,14,0.646823,"Выраженных критериев ролей нет: отправителей 1, получателей 4; требуется проверка."
100000001952325100,terminal,0.743391,1,0.43254,"Наблюдаемый сток: вход 77,888.00 KZT; выход/вход=0.00; depth=1. Не полный баланс."
100000001953577100,terminal,0.685512,1,0.281902,"Наблюдаемый сток: вход 15,600.00 KZT; выход/вход=0.00; depth=1. Не полный баланс."
100000001954534100,peripheral,0.35,0,0.295672,"Выраженных критериев ролей нет: отправителей 1, получателей 1; требуется проверка."
100000001954903100,terminal,0.708232,11,0.339543,"Наблюдаемый сток: вход 27,118.00 KZT; выход/вход=0.00; depth=2. Не полный баланс."
100000001957974100,peripheral,0.15,14,0.311108,"Выраженных критериев ролей нет: отправителей 1, получателей 0; требуется проверка. Граница depth=4: исходящие обрезаны."
100000001960517100,terminal,0.770331,8,0.54684,"Наблюдаемый сток: вход 200,000.00 KZT; выход/вход=0.00; depth=1. Не полный баланс."
100000001961048100,terminal,0.762049,30,0.525375,"Наблюдаемый сток: вход 150,000.00 KZT; выход/вход=0.00; depth=2. Не полный баланс."
100000001965374100,peripheral,0.35,24,0.451626,"Выраженных критериев ролей нет: отправителей 2, получателей 3; требуется проверка."
100000001969496100,terminal,0.698903,14,0.304289,"Наблюдаемый сток: вход 22,740.00 KZT; выход/вход=0.00; depth=3. Не полный баланс."
100000001985793100,terminal,0.786165,8,0.551485,"Наблюдаемый сток: вход 420,000.00 KZT; выход/вход=0.00; depth=2. Не полный баланс."
100000001987030100,peripheral,0.35,15,0.36649,"Выраженных критериев ролей нет: отправителей 2, получателей 1; требуется проверка."
100000001991973100,peripheral,0.15,18,0.118583,"Выраженных критериев ролей нет: отправителей 1, получателей 0; требуется проверка. Граница depth=4: исходящие обрезаны."
100000002015633100,terminal,0.749166,5,0.462913,"Наблюдаемый сток: вход 94,970.00 KZT; выход/вход=0.00; depth=3. Не полный баланс."
100000002028158100,terminal,0.716038,15,0.411527,"Наблюдаемый сток: вход 34,800.00 KZT; выход/вход=0.00; depth=2. Не полный баланс."
100000002032323100,peripheral,0.35,2,0.45013,"Выраженных критериев ролей нет: отправителей 1, получателей 1; требуется проверка."
100000002087788100,terminal,0.752466,5,0.545667,"Наблюдаемый сток: вход 100,500.00 KZT; выход/вход=0.00; depth=2. Не полный баланс."
100000002095257100,terminal,0.669646,12,0.313698,"Наблюдаемый сток: вход 8,500.00 KZT; выход/вход=0.00; depth=3. Не полный баланс."
100000002103448100,terminal,0.707851,1,0.316735,"Наблюдаемый сток: вход 27,000.00 KZT; выход/вход=0.00; depth=3. Не полный баланс."
100000002109656100,terminal,0.789719,9,0.56752,"Наблюдаемый сток: вход 500,000.00 KZT; выход/вход=0.00; depth=3. Не полный баланс."
100000002116705100,terminal,0.689701,1,0.273526,"Наблюдаемый сток: вход 17,600.00 KZT; выход/вход=0.00; depth=3. Не полный баланс."
100000002119762100,peripheral,0.15,5,0.28717,"Выраженных критериев ролей нет: отправителей 1, получателей 0; требуется проверка. Граница depth=4: исходящие обрезаны."
100000002121357100,peripheral,0.35,2,0.465304,"Выраженных критериев ролей нет: отправителей 2, получателей 1; требуется проверка."
100000002126791100,peripheral,0.15,2,0.383793,"Выраженных критериев ролей нет: отправителей 1, получателей 0; требуется проверка. Граница depth=4: исходящие обрезаны."
100000002130400100,peripheral,0.15,37,0.095834,"Выраженных критериев ролей нет: отправителей 1, получателей 0; требуется проверка. Граница depth=4: исходящие обрезаны."
100000002132479100,peripheral,0.35,14,0.30824,"Выраженных критериев ролей нет: отправителей 1, получателей 1; требуется проверка."
100000002152857100,distributor,0.922604,8,0.7456,"Признаки распределения: 5 получателей; выход 1,230,000.00 KZT; отправителей 1."
100000002156381100,peripheral,0.35,33,0.472197,"Выраженных критериев ролей нет: отправителей 2, получателей 1; требуется проверка."
100000002158488100,terminal,0.713817,1,0.35205,"Наблюдаемый сток: вход 31,723.00 KZT; выход/вход=0.00; depth=1. Не полный баланс."
100000002170580100,terminal,0.762049,11,0.488097,"Наблюдаемый сток: вход 150,000.00 KZT; выход/вход=0.00; depth=2. Не полный баланс."
100000002173070100,terminal,0.711215,4,0.415728,"Наблюдаемый сток: вход 30,000.00 KZT; выход/вход=0.00; depth=2. Не полный баланс."
100000002173161100,consolidator,0.979873,4,0.707644,"Признаки сбора: 3 отправителей; вход 1,427,500.00 KZT; получателей 0."
100000002175422100,distributor,0.924262,31,0.809185,"Признаки распределения: 6 получателей; выход 1,621,188.00 KZT; отправителей 3."
100000002182176100,terminal,0.722194,0,0.374014,"Наблюдаемый сток: вход 42,465.00 KZT; выход/вход=0.00; depth=1. Не полный баланс."
100000002184107100,terminal,0.666124,35,0.232542,"Наблюдаемый сток: вход 6,066.00 KZT; выход/вход=0.00; depth=3. Не полный баланс."
100000002185328100,peripheral,0.35,22,0.356701,"Выраженных критериев ролей нет: отправителей 1, получателей 4; требуется проверка."
100000002188586100,peripheral,0.15,7,0.186257,"Выраженных критериев ролей нет: отправителей 1, получателей 0; требуется проверка. Граница depth=4: исходящие обрезаны."
100000002188829100,terminal,0.785435,3,0.642558,"Наблюдаемый сток: вход 400,000.00 KZT; выход/вход=0.00; depth=1. Не полный баланс."
100000002193259100,peripheral,0.35,12,0.502392,"Выраженных критериев ролей нет: отправителей 2, получателей 3; требуется проверка."
100000002194320100,peripheral,0.15,58,0.301542,"Выраженных критериев ролей нет: отправителей 1, получателей 0; требуется проверка. Граница depth=4: исходящие обрезаны."
100000002194329100,terminal,0.704869,0,0.32815,"Наблюдаемый сток: вход 25,170.00 KZT; выход/вход=0.00; depth=3. Не полный баланс."
100000002199091100,terminal,0.738218,1,0.416458,"Наблюдаемый сток: вход 65,000.00 KZT; выход/вход=0.00; depth=2. Не полный баланс."
100000002205022100,peripheral,0.35,55,0.569547,"Выраженных критериев ролей нет: отправителей 1, получателей 3; требуется проверка."
100000002208836100,peripheral,0.15,5,0.278862,"Выраженных критериев ролей нет: отправителей 1, получателей 0; требуется проверка. Граница depth=4: исходящие обрезаны."
100000002211413100,terminal,0.717974,1,0.364083,"Наблюдаемый сток: вход 37,000.00 KZT; выход/вход=0.00; depth=1. Не полный баланс."
100000002212494100,terminal,0.763826,31,0.488457,"Наблюдаемый сток: вход 160,000.00 KZT; выход/вход=0.00; depth=3. Не полный баланс."
100000002214207100,peripheral,0.15,37,0.260637,"Выраженных критериев ролей нет: отправителей 1, получателей 0; требуется проверка. Граница depth=4: исходящие обрезаны."
100000002214301100,peripheral,0.35,0,0.278083,"Выраженных критериев ролей нет: отправителей 1, получателей 1; требуется проверка."
100000002214383100,peripheral,0.15,1,0.292588,"Выраженных критериев ролей нет: отправителей 1, получателей 0; требуется проверка. Граница depth=4: исходящие обрезаны."
100000002214570100,terminal,0.70728,1,0.334062,"Наблюдаемый сток: вход 26,471.00 KZT; выход/вход=0.00; depth=1. Не полный баланс."
100000002214664100,peripheral,0.35,1,0.223444,"Выраженных критериев ролей нет: отправителей 1, получателей 1; требуется проверка."
100000002216999100,terminal,0.700807,1,0.300292,"Наблюдаемый сток: вход 23,677.00 KZT; выход/вход=0.00; depth=3. Не полный баланс."
100000002217161100,distributor,0.930343,35,0.807107,"Признаки распределения: 7 получателей; выход 995,132.00 KZT; отправителей 2."
100000002217806100,peripheral,0.15,38,0.21755,"Выраженных критериев ролей нет: отправителей 1, получателей 0; требуется проверка. Граница depth=4: исходящие обрезаны."
100000002224132100,consolidator,0.961363,24,0.735718,"Признаки сбора: 5 отправителей; вход 3,951,020.00 KZT; получателей 4."
100000002227960100,peripheral,0.15,22,0.083394,"Выраженных критериев ролей нет: отправителей 1, получателей 0; требуется проверка. Граница depth=4: исходящие обрезаны."
100000002227989100,peripheral,0.15,22,0.143965,"Выраженных критериев ролей нет: отправителей 1, получателей 0; требуется проверка. Граница depth=4: исходящие обрезаны."
100000002229615100,peripheral,0.15,22,0.201788,"Выраженных критериев ролей нет: отправителей 1, получателей 0; требуется проверка. Граница depth=4: исходящие обрезаны."
100000002231144100,peripheral,0.15,22,0.123014,"Выраженных критериев ролей нет: отправителей 1, получателей 0; требуется проверка. Граница depth=4: исходящие обрезаны."
100000002232266100,terminal,0.723876,6,0.365745,"Наблюдаемый сток: вход 45,000.00 KZT; выход/вход=0.00; depth=3. Не полный баланс."
100000002236528100,terminal,0.738631,10,0.412265,"Наблюдаемый сток: вход 66,000.00 KZT; выход/вход=0.00; depth=3. Не полный баланс."
100000002241986100,distributor,0.945248,39,0.779439,"Признаки распределения: 6 получателей; выход 3,077,000.00 KZT; отправителей 1."
100000002242066100,peripheral,0.15,35,0.226952,"Выраженных критериев ролей нет: отправителей 1, получателей 0; требуется проверка. Граница depth=4: исходящие обрезаны."
100000002242455100,peripheral,0.15,5,0.310804,"Выраженных критериев ролей нет: отправителей 1, получателей 0; требуется проверка. Граница depth=4: исходящие обрезаны."
100000002243354100,terminal,0.696809,1,0.30942,"Наблюдаемый сток: вход 20,879.00 KZT; выход/вход=0.00; depth=1. Не полный баланс."
100000002255058100,terminal,0.789084,3,0.560768,"Наблюдаемый сток: вход 491,500.00 KZT; выход/вход=0.00; depth=3. Не полный баланс."
100000002257794100,terminal,0.763128,25,0.512891,"Наблюдаемый сток: вход 154,000.00 KZT; выход/вход=0.00; depth=3. Не полный баланс."
100000002258492100,peripheral,0.15,19,0.115325,"Выраженных критериев ролей нет: отправителей 1, получателей 0; требуется проверка. Граница depth=4: исходящие обрезаны."
100000002267998100,peripheral,0.35,23,0.555155,"Выраженных критериев ролей нет: отправителей 2, получателей 3; требуется проверка."
100000002284426100,terminal,0.747167,5,0.457594,"Наблюдаемый сток: вход 90,000.00 KZT; выход/вход=0.00; depth=3. Не полный баланс."
100000002289937100,terminal,0.694429,1,0.303812,"Наблюдаемый сток: вход 20,000.00 KZT; выход/вход=0.00; depth=1. Не полный баланс."
100000002293421100,transit,0.676707,0,0.524904,Признаки транзита: выход/вход=1.15; совместимо за 0–2 дня 37% входа.
100000002299948100,terminal,0.666759,32,0.246072,"Наблюдаемый сток: вход 6,750.00 KZT; выход/вход=0.00; depth=2. Не полный баланс."
100000002301828100,terminal,0.725558,16,0.365584,"Наблюдаемый сток: вход 46,977.00 KZT; выход/вход=0.00; depth=3. Не полный баланс."
100000002304943100,peripheral,0.15,22,0.105701,"Выраженных критериев ролей нет: отправителей 1, получателей 0; требуется проверка. Граница depth=4: исходящие обрезаны."
100000002305007100,terminal,0.734696,1,0.388356,"Наблюдаемый сток: вход 56,000.00 KZT; выход/вход=0.00; depth=3. Не полный баланс."
100000002305477100,peripheral,0.15,22,0.127937,"Выраженных критериев ролей нет: отправителей 1, получателей 0; требуется проверка. Граница depth=4: исходящие обрезаны."
100000002306369100,distributor,0.900939,3,0.66417,"Признаки распределения: 6 получателей; выход 260,900.00 KZT; отправителей 1."
100000002308091100,terminal,0.767761,9,0.517626,"Наблюдаемый сток: вход 186,720.00 KZT; выход/вход=0.00; depth=3. Не полный баланс."
100000002320495100,peripheral,0.15,16,0.130767,"Выраженных критериев ролей нет: отправителей 1, получателей 0; требуется проверка. Граница depth=4: исходящие обрезаны."
100000002324543100,terminal,0.712548,2,0.338182,"Наблюдаемый сток: вход 30,202.00 KZT; выход/вход=0.00; depth=1. Не полный баланс."
100000002335358100,terminal,0.76005,4,0.505074,"Наблюдаемый сток: вход 140,000.00 KZT; выход/вход=0.00; depth=2. Не полный баланс."
100000002340562100,terminal,0.717752,10,0.401459,"Наблюдаемый сток: вход 36,650.00 KZT; выход/вход=0.00; depth=2. Не полный баланс."
100000002343825100,consolidator,0.93352,2,0.733333,"Признаки сбора: 3 отправителей; вход 350,000.00 KZT; получателей 2."
100000002346166100,terminal,0.66568,1,0.21907,"Наблюдаемый сток: вход 6,000.00 KZT; выход/вход=0.00; depth=3. Не полный баланс."
100000002356167100,terminal,0.754379,5,0.638999,"Наблюдаемый сток: вход 300,000.00 KZT; выход/вход=0.10; depth=3. Не полный баланс."
100000002369443100,terminal,0.729365,1,0.374447,"Наблюдаемый сток: вход 50,000.00 KZT; выход/вход=0.00; depth=3. Не полный баланс."
100000002369454100,peripheral,0.15,6,0.161648,"Выраженных критериев ролей нет: отправителей 1, получателей 0; требуется проверка. Граница depth=4: исходящие обрезаны."
100000002369510100,terminal,0.718164,1,0.345005,"Наблюдаемый сток: вход 37,150.00 KZT; выход/вход=0.00; depth=3. Не полный баланс."
100000002369874100,consolidator,0.983279,2,0.689473,"Признаки сбора: 4 отправителей; вход 600,000.00 KZT; получателей 0."
100000002371751100,peripheral,0.35,61,0.381351,"Выраженных критериев ролей нет: отправителей 1, получателей 1; требуется проверка."
100000002371892100,peripheral,0.15,62,0.173096,"Выраженных критериев ролей нет: отправителей 1, получателей 0; требуется проверка. Граница depth=4: исходящие обрезаны."
100000002373144100,peripheral,0.35,0,0.240538,"Выраженных критериев ролей нет: отправителей 1, получателей 1; требуется проверка."
100000002373386100,terminal,0.7016,1,0.30205,"Наблюдаемый сток: вход 24,000.00 KZT; выход/вход=0.00; depth=3. Не полный баланс."
100000002380341100,terminal,0.735141,0,0.405061,"Наблюдаемый сток: вход 57,566.40 KZT; выход/вход=0.00; depth=3. Не полный баланс."
100000002391278100,peripheral,0.35,8,0.261486,"Выраженных критериев ролей нет: отправителей 1, получателей 1; требуется проверка."
100000002394199100,peripheral,0.35,10,0.371312,"Выраженных критериев ролей нет: отправителей 1, получателей 1; требуется проверка."
100000002398779100,consolidator,0.990739,0,0.807897,"Признаки сбора: 13 отправителей; вход 1,095,690.00 KZT; получателей 1."
100000002404112100,peripheral,0.15,27,0.207675,"Выраженных критериев ролей нет: отправителей 1, получателей 0; требуется проверка. Граница depth=4: исходящие обрезаны."
100000002432143100,terminal,0.744279,3,0.497163,"Наблюдаемый сток: вход 81,310.00 KZT; выход/вход=0.00; depth=2. Не полный баланс."
100000002433697100,transit,0.703846,5,0.556895,Признаки транзита: выход/вход=0.85; совместимо за 0–2 дня 85% входа.
100000002435265100,terminal,0.758558,0,0.469423,"Наблюдаемый сток: вход 132,628.00 KZT; выход/вход=0.00; depth=3. Не полный баланс."
100000002443664100,consolidator,0.972869,9,0.690071,"Признаки сбора: 3 отправителей; вход 556,880.00 KZT; получателей 0."
100000002445750100,peripheral,0.35,0,0.361506,"Выраженных критериев ролей нет: отправителей 1, получателей 1; требуется проверка."
100000002448088100,consolidator,0.850187,22,0.539866,"Признаки сбора: 3 отправителей; вход 20,000.00 KZT; получателей 1."
100000002454724100,terminal,0.757257,30,0.512331,"Наблюдаемый сток: вход 125,000.00 KZT; выход/вход=0.00; depth=2. Не полный баланс."
100000002457464100,terminal,0.738821,3,0.454697,"Наблюдаемый сток: вход 66,647.00 KZT; выход/вход=0.00; depth=2. Не полный баланс."
100000002459093100,peripheral,0.35,8,0.386392,"Выраженных критериев ролей нет: отправителей 1, получателей 1; требуется проверка."
100000002459163100,terminal,0.696238,56,0.341712,"Наблюдаемый сток: вход 20,180.00 KZT; выход/вход=0.00; depth=2. Не полный баланс."
100000002459164100,terminal,0.694429,0,0.348825,"Наблюдаемый сток: вход 20,000.00 KZT; выход/вход=0.00; depth=3. Не полный баланс."
100000002459240100,terminal,0.762049,5,0.49848,"Наблюдаемый сток: вход 150,000.00 KZT; выход/вход=0.00; depth=3. Не полный баланс."
100000002459832100,terminal,0.795684,20,0.605257,"Наблюдаемый сток: вход 880,606.00 KZT; выход/вход=0.00; depth=3. Не полный баланс."
100000002462183100,terminal,0.75383,46,0.482804,"Наблюдаемый сток: вход 107,500.00 KZT; выход/вход=0.00; depth=1. Не полный баланс."
100000002469065100,terminal,0.770331,4,0.582845,"Наблюдаемый сток: вход 200,000.00 KZT; выход/вход=0.00; depth=2. Не полный баланс."
100000002472632100,terminal,0.779686,26,0.650527,"Наблюдаемый сток: вход 502,400.00 KZT; выход/вход=0.04; depth=3. Не полный баланс."
100000002474570100,peripheral,0.15,18,0.05457,"Выраженных критериев ролей нет: отправителей 1, получателей 0; требуется проверка. Граница depth=4: исходящие обрезаны."
100000002475601100,terminal,0.773853,20,0.491049,"Наблюдаемый сток: вход 232,301.00 KZT; выход/вход=0.00; depth=3. Не полный баланс."
100000002478829100,peripheral,0.15,22,0.204323,"Выраженных критериев ролей нет: отправителей 1, получателей 0; требуется проверка. Граница depth=4: исходящие обрезаны."
100000002479804100,peripheral,0.35,3,0.264951,"Выраженных критериев ролей нет: отправителей 1, получателей 2; требуется проверка."
100000002480800100,terminal,0.791686,3,0.681476,"Наблюдаемый сток: вход 569,251.00 KZT; выход/вход=0.00; depth=1. Не полный баланс."
100000002481735100,terminal,0.698713,4,0.346416,"Наблюдаемый сток: вход 22,436.00 KZT; выход/вход=0.00; depth=2. Не полный баланс."
100000002481974100,peripheral,0.35,6,0.461423,"Выраженных критериев ролей нет: отправителей 2, получателей 2; требуется проверка."
100000002487222100,peripheral,0.15,5,0.270937,"Выраженных критериев ролей нет: отправителей 1, получателей 0; требуется проверка. Граница depth=4: исходящие обрезаны."
100000002488629100,terminal,0.741328,8,0.415609,"Наблюдаемый сток: вход 73,050.00 KZT; выход/вход=0.00; depth=2. Не полный баланс."
100000002489253100,terminal,0.731206,4,0.395565,"Наблюдаемый сток: вход 51,000.00 KZT; выход/вход=0.00; depth=2. Не полный баланс."
100000002492277100,terminal,0.759542,3,0.493546,"Наблюдаемый сток: вход 138,500.00 KZT; выход/вход=0.00; depth=2. Не полный баланс."
100000002505277100,peripheral,0.15,0,0.243852,"Выраженных критериев ролей нет: отправителей 1, получателей 0; требуется проверка. Граница depth=4: исходящие обрезаны."
100000002506987100,peripheral,0.15,7,0.162428,"Выраженных критериев ролей нет: отправителей 1, получателей 0; требуется проверка. Граница depth=4: исходящие обрезаны."
100000002508637100,terminal,0.773919,20,0.521927,"Наблюдаемый сток: вход 306,410.00 KZT; выход/вход=0.03; depth=3. Не полный баланс."
100000002509598100,terminal,0.78058,9,0.533275,"Наблюдаемый сток: вход 305,550.00 KZT; выход/вход=0.00; depth=3. Не полный баланс."
100000002511581100,terminal,0.689701,1,0.273526,"Наблюдаемый сток: вход 17,600.00 KZT; выход/вход=0.00; depth=3. Не полный баланс."
100000002511825100,terminal,0.738218,0,0.41678,"Наблюдаемый сток: вход 65,000.00 KZT; выход/вход=0.00; depth=1. Не полный баланс."
100000002512742100,peripheral,0.15,18,0.051271,"Выраженных критериев ролей нет: отправителей 1, получателей 0; требуется проверка. Граница depth=4: исходящие обрезаны."
100000002513028100,peripheral,0.35,60,0.428886,"Выраженных критериев ролей нет: отправителей 1, получателей 3; требуется проверка."
100000002514975100,peripheral,0.15,27,0.145799,"Выраженных критериев ролей нет: отправителей 1, получателей 0; требуется проверка. Граница depth=4: исходящие обрезаны."
100000002516862100,peripheral,0.15,60,0.225567,"Выраженных критериев ролей нет: отправителей 1, получателей 0; требуется проверка. Граница depth=4: исходящие обрезаны."
100000002521039100,terminal,0.782548,0,0.543451,"Наблюдаемый сток: вход 349,370.00 KZT; выход/вход=0.00; depth=3. Не полный баланс."
100000002527114100,distributor,0.992875,1,0.821002,"Признаки распределения: 111 получателей; выход 3,289,249.00 KZT; отправителей 3. Seed: входящие неполны."
100000002528544100,terminal,0.76884,20,0.475958,"Наблюдаемый сток: вход 192,912.00 KZT; выход/вход=0.00; depth=3. Не полный баланс."
100000002528978100,peripheral,0.15,7,0.117187,"Выраженных критериев ролей нет: отправителей 1, получателей 0; требуется проверка. Граница depth=4: исходящие обрезаны."
100000002529877100,peripheral,0.15,9,0.267719,"Выраженных критериев ролей нет: отправителей 1, получателей 0; требуется проверка. Граница depth=4: исходящие обрезаны."
100000002529880100,terminal,0.761478,2,0.492073,"Наблюдаемый сток: вход 147,000.00 KZT; выход/вход=0.00; depth=3. Не полный баланс."
100000002530224100,terminal,0.755449,2,0.430425,"Наблюдаемый сток: вход 113,000.00 KZT; выход/вход=0.00; depth=3. Не полный баланс."
100000002531406100,transit,0.699615,20,0.555574,Признаки транзита: выход/вход=0.96; совместимо за 0–2 дня 0% входа.
100000002534091100,terminal,0.698554,6,0.340179,"Наблюдаемый сток: вход 22,200.00 KZT; выход/вход=0.00; depth=3. Не полный баланс."
100000002537811100,peripheral,0.35,11,0.441391,"Выраженных критериев ролей нет: отправителей 1, получателей 1; требуется проверка."
100000002539625100,terminal,0.748976,2,0.456402,"Наблюдаемый сток: вход 94,700.00 KZT; выход/вход=0.00; depth=2. Не полный баланс."
100000002540033100,peripheral,0.15,21,0.12425,"Выраженных критериев ролей нет: отправителей 1, получателей 0; требуется проверка. Граница depth=4: исходящие обрезаны."
100000002540623100,terminal,0.751324,11,0.459244,"Наблюдаемый сток: вход 100,000.00 KZT; выход/вход=0.00; depth=2. Не полный баланс."
100000002546921100,terminal,0.694429,14,0.293057,"Наблюдаемый сток: вход 20,000.00 KZT; выход/вход=0.00; depth=3. Не полный баланс."
100000002547110100,consolidator,0.9946,2,0.707461,"Признаки сбора: 6 отправителей; вход 1,500,000.00 KZT; получателей 0."
100000002548759100,terminal,0.783944,2,0.578313,"Наблюдаемый сток: вход 375,000.00 KZT; выход/вход=0.00; depth=3. Не полный баланс."
100000002550141100,terminal,0.752529,6,0.445113,"Наблюдаемый сток: вход 100,586.00 KZT; выход/вход=0.00; depth=3. Не полный баланс."
100000002554175100,terminal,0.70252,7,0.317619,"Наблюдаемый сток: вход 24,621.00 KZT; выход/вход=0.00; depth=3. Не полный баланс."
100000002556775100,terminal,0.779946,5,0.552644,"Наблюдаемый сток: вход 300,000.00 KZT; выход/вход=0.00; depth=3. Не полный баланс."
100000002558173100,terminal,0.670725,32,0.258582,"Наблюдаемый сток: вход 9,300.00 KZT; выход/вход=0.00; depth=2. Не полный баланс."
100000002559089100,terminal,0.793844,9,0.57097,"Наблюдаемый сток: вход 715,000.00 KZT; выход/вход=0.00; depth=3. Не полный баланс."
100000002565277100,terminal,0.788704,3,0.654336,"Наблюдаемый сток: вход 483,319.00 KZT; выход/вход=0.00; depth=1. Не полный баланс."
100000002566204100,terminal,0.744089,11,0.437586,"Наблюдаемый сток: вход 80,805.00 KZT; выход/вход=0.00; depth=2. Не полный баланс."
100000002567887100,terminal,0.730952,5,0.41479,"Наблюдаемый сток: вход 50,915.00 KZT; выход/вход=0.00; depth=3. Не полный баланс."
100000002570206100,terminal,0.765032,16,0.515145,"Наблюдаемый сток: вход 166,959.60 KZT; выход/вход=0.00; depth=2. Не полный баланс."
100000002575080100,transit,0.884712,15,0.53931,Признаки транзита: выход/вход=0.96; совместимо за 0–2 дня 96% входа.
100000002578405100,distributor,0.993758,1,0.803074,"Признаки распределения: 116 получателей; выход 3,108,352.00 KZT; отправителей 2."
100000002578653100,terminal,0.694429,47,0.317252,"Наблюдаемый сток: вход 20,000.00 KZT; выход/вход=0.00; depth=3. Не полный баланс."
100000002580377100,peripheral,0.35,4,0.258056,"Выраженных критериев ролей нет: отправителей 1, получателей 1; требуется проверка."
100000002581346100,terminal,0.764968,5,0.508349,"Наблюдаемый сток: вход 166,400.00 KZT; выход/вход=0.00; depth=3. Не полный баланс."
100000002589019100,terminal,0.715975,12,0.355024,"Наблюдаемый сток: вход 34,710.00 KZT; выход/вход=0.00; depth=1. Не полный баланс."
100000002591469100,terminal,0.774297,10,0.503136,"Наблюдаемый сток: вход 235,670.00 KZT; выход/вход=0.00; depth=1. Не полный баланс."
100000002592567100,peripheral,0.35,4,0.370736,"Выраженных критериев ролей нет: отправителей 1, получателей 2; требуется проверка."
100000002593038100,terminal,0.709025,12,0.474342,"Наблюдаемый сток: вход 28,500.00 KZT; выход/вход=0.00; depth=2. Не полный баланс."
100000002593344100,terminal,0.786673,2,0.601773,"Наблюдаемый сток: вход 431,000.00 KZT; выход/вход=0.00; depth=3. Не полный баланс."
100000002594214100,peripheral,0.15,39,0.388022,"Выраженных критериев ролей нет: отправителей 1, получателей 0; требуется проверка. Граница depth=4: исходящие обрезаны."
100000002596035100,terminal,0.773726,11,0.630044,"Наблюдаемый сток: вход 231,570.00 KZT; выход/вход=0.00; depth=1. Не полный баланс."
100000002596039100,peripheral,0.15,6,0.275402,"Выраженных критериев ролей нет: отправителей 1, получателей 0; требуется проверка. Граница depth=4: исходящие обрезаны."
100000002597003100,peripheral,0.35,0,0.200936,"Выраженных критериев ролей нет: отправителей 1, получателей 1; требуется проверка."
100000002597074100,peripheral,0.15,0,0.109986,"Выраженных критериев ролей нет: отправителей 1, получателей 0; требуется проверка. Граница depth=4: исходящие обрезаны."
100000002597623100,terminal,0.686908,0,0.290763,"Наблюдаемый сток: вход 16,418.00 KZT; выход/вход=0.00; depth=3. Не полный баланс."
100000002599729100,peripheral,0.15,0,0.251595,"Выраженных критериев ролей нет: отправителей 1, получателей 0; требуется проверка. Граница depth=4: исходящие обрезаны."
100000002600345100,terminal,0.732094,4,0.427837,"Наблюдаемый сток: вход 52,400.00 KZT; выход/вход=0.00; depth=1. Не полный баланс."
100000002603371100,terminal,0.670725,0,0.23843,"Наблюдаемый сток: вход 9,300.00 KZT; выход/вход=0.00; depth=3. Не полный баланс."
100000002603478100,terminal,0.700077,12,0.314485,"Наблюдаемый сток: вход 23,500.00 KZT; выход/вход=0.00; depth=1. Не полный баланс."
100000002603769100,consolidator,0.979193,0,0.713104,"Признаки сбора: 3 отправителей; вход 1,185,368.00 KZT; получателей 0."
100000002605184100,terminal,0.76005,15,0.487701,"Наблюдаемый сток: вход 140,000.00 KZT; выход/вход=0.00; depth=2. Не полный баланс."
100000002605308100,consolidator,0.981505,14,0.753584,"Признаки сбора: 3 отправителей; вход 2,569,521.84 KZT; получателей 0."
100000002605548100,terminal,0.75583,11,0.584688,"Наблюдаемый сток: вход 116,695.00 KZT; выход/вход=0.00; depth=1. Не полный баланс."
100000002606567100,peripheral,0.35,0,0.25801,"Выраженных критериев ролей нет: отправителей 1, получателей 1; требуется проверка."
100000002609774100,peripheral,0.35,7,0.329788,"Выраженных критериев ролей нет: отправителей 1, получателей 1; требуется проверка."
100000002611334100,peripheral,0.35,0,0.270553,"Выраженных критериев ролей нет: отправителей 1, получателей 1; требуется проверка."
100000002612809100,peripheral,0.35,37,0.318521,"Выраженных критериев ролей нет: отправителей 1, получателей 3; требуется проверка."
100000002613776100,terminal,0.711215,3,0.378708,"Наблюдаемый сток: вход 30,000.00 KZT; выход/вход=0.00; depth=2. Не полный баланс."
100000002613929100,terminal,0.709121,2,0.387618,"Наблюдаемый сток: вход 28,560.00 KZT; выход/вход=0.00; depth=3. Не полный баланс."
100000002614095100,terminal,0.664189,1,0.215636,"Наблюдаемый сток: вход 5,300.00 KZT; выход/вход=0.00; depth=3. Не полный баланс."
100000002615479100,terminal,0.772616,2,0.508137,"Наблюдаемый сток: вход 220,000.00 KZT; выход/вход=0.00; depth=1. Не полный баланс."
100000002618492100,terminal,0.779438,11,0.654231,"Наблюдаемый сток: вход 296,500.00 KZT; выход/вход=0.00; depth=1. Не полный баланс."
100000002621434100,terminal,0.744184,2,0.397471,"Наблюдаемый сток: вход 81,000.00 KZT; выход/вход=0.00; depth=3. Не полный баланс."
100000002621915100,terminal,0.661809,4,0.286184,"Наблюдаемый сток: вход 5,000.00 KZT; выход/вход=0.00; depth=2. Не полный баланс."
100000002621949100,terminal,0.764397,3,0.5796,"Наблюдаемый сток: вход 164,612.00 KZT; выход/вход=0.00; depth=1. Не полный баланс."
100000002622822100,peripheral,0.15,21,0.353661,"Выраженных критериев ролей нет: отправителей 1, получателей 0; требуется проверка. Граница depth=4: исходящие обрезаны."
100000002628146100,terminal,0.712675,32,0.365609,"Наблюдаемый сток: вход 30,500.00 KZT; выход/вход=0.00; depth=2. Не полный баланс."
100000002628576100,peripheral,0.35,5,0.511314,"Выраженных критериев ролей нет: отправителей 2, получателей 2; требуется проверка."
100000002632742100,terminal,0.774234,2,0.558582,"Наблюдаемый сток: вход 235,500.00 KZT; выход/вход=0.00; depth=3. Не полный баланс."
100000002633108100,terminal,0.781056,14,0.532815,"Наблюдаемый сток: вход 320,000.00 KZT; выход/вход=0.00; depth=3. Не полный баланс."
100000002633701100,terminal,0.777217,2,0.510774,"Наблюдаемый сток: вход 266,850.00 KZT; выход/вход=0.00; depth=2. Не полный баланс."
100000002635746100,peripheral,0.15,18,0.047571,"Выраженных критериев ролей нет: отправителей 1, получателей 0; требуется проверка. Граница depth=4: исходящие обрезаны."
100000002635780100,terminal,0.76427,10,0.513851,"Наблюдаемый сток: вход 163,000.02 KZT; выход/вход=0.00; depth=2. Не полный баланс."
100000002644285100,terminal,0.789719,9,0.56752,"Наблюдаемый сток: вход 500,000.00 KZT; выход/вход=0.00; depth=3. Не полный баланс."
100000002645046100,peripheral,0.15,18,0.079156,"Выраженных критериев ролей нет: отправителей 1, получателей 0; требуется проверка. Граница depth=4: исходящие обрезаны."
100000002645609100,consolidator,0.981885,0,0.648627,"Признаки сбора: 4 отправителей; вход 546,820.68 KZT; получателей 0."
100000002645993100,distributor,0.854454,0,0.613525,"Признаки распределения: 5 получателей; выход 86,980.00 KZT; отправителей 2."
100000002646745100,terminal,0.678849,1,0.247135,"Наблюдаемый сток: вход 12,300.00 KZT; выход/вход=0.00; depth=3. Не полный баланс."
100000002646887100,terminal,0.702267,2,0.317866,"Наблюдаемый сток: вход 24,354.00 KZT; выход/вход=0.00; depth=3. Не полный баланс."
100000002648315100,peripheral,0.35,10,0.299013,"Выраженных критериев ролей нет: отправителей 1, получателей 2; требуется проверка."
100000002653187100,peripheral,0.15,12,0.13069,"Выраженных критериев ролей нет: отправителей 1, получателей 0; требуется проверка. Граница depth=4: исходящие обрезаны."
100000002653948100,terminal,0.745739,5,0.453021,"Наблюдаемый сток: вход 85,200.00 KZT; выход/вход=0.00; depth=3. Не полный баланс."
100000002659103100,peripheral,0.15,45,0.265914,"Выраженных критериев ролей нет: отправителей 1, получателей 0; требуется проверка. Граница depth=4: исходящие обрезаны."
100000002659265100,peripheral,0.15,2,0.249177,"Выраженных критериев ролей нет: отправителей 1, получателей 0; требуется проверка. Граница depth=4: исходящие обрезаны."
100000002660298100,peripheral,0.15,7,0.171331,"Выраженных критериев ролей нет: отправителей 1, получателей 0; требуется проверка. Граница depth=4: исходящие обрезаны."
100000002662768100,terminal,0.745231,3,0.441415,"Наблюдаемый сток: вход 84,300.00 KZT; выход/вход=0.00; depth=1. Не полный баланс."
100000002663511100,terminal,0.777471,0,0.505448,"Наблюдаемый сток: вход 268,940.00 KZT; выход/вход=0.00; depth=3. Не полный баланс."
100000002666248100,terminal,0.740598,3,0.508465,"Наблюдаемый сток: вход 70,032.00 KZT; выход/вход=0.00; depth=1. Не полный баланс."
100000002670463100,peripheral,0.15,18,0.153367,"Выраженных критериев ролей нет: отправителей 1, получателей 0; требуется проверка. Граница depth=4: исходящие обрезаны."
100000002670860100,terminal,0.787403,9,0.603381,"Наблюдаемый сток: вход 450,000.00 KZT; выход/вход=0.00; depth=1. Не полный баланс."
100000002670960100,terminal,0.78864,9,0.563695,"Наблюдаемый сток: вход 480,310.00 KZT; выход/вход=0.00; depth=3. Не полный баланс."
100000002671326100,peripheral,0.15,2,0.357685,"Выраженных критериев ролей нет: отправителей 1, получателей 0; требуется проверка. Граница depth=4: исходящие обрезаны."
100000002671806100,terminal,0.679039,12,0.263142,"Наблюдаемый сток: вход 12,440.00 KZT; выход/вход=0.00; depth=1. Не полный баланс."
100000002677201100,peripheral,0.35,2,0.377798,"Выраженных критериев ролей нет: отправителей 1, получателей 1; требуется проверка."
100000002679516100,consolidator,0.931528,12,0.599174,"Признаки сбора: 3 отправителей; вход 102,335.00 KZT; получателей 0."
100000002680477100,terminal,0.703758,9,0.324657,"Наблюдаемый сток: вход 25,000.00 KZT; выход/вход=0.00; depth=2. Не полный баланс."
100000002681449100,peripheral,0.35,40,0.336685,"Выраженных критериев ролей нет: отправителей 2, получателей 2; требуется проверка."
100000002681544100,terminal,0.764841,10,0.486913,"Наблюдаемый сток: вход 166,072.00 KZT; выход/вход=0.00; depth=3. Не полный баланс."
100000002686226100,peripheral,0.15,16,0.331921,"Выраженных критериев ролей нет: отправителей 1, получателей 0; требуется проверка. Граница depth=4: исходящие обрезаны."
100000002689717100,peripheral,0.15,7,0.203672,"Выраженных критериев ролей нет: отправителей 1, получателей 0; требуется проверка. Граница depth=4: исходящие обрезаны."
100000002691583100,terminal,0.778867,27,0.523331,"Наблюдаемый сток: вход 285,200.00 KZT; выход/вход=0.00; depth=3. Не полный баланс."
100000002691858100,terminal,0.731587,32,0.414808,"Наблюдаемый сток: вход 51,500.00 KZT; выход/вход=0.00; depth=2. Не полный баланс."
100000002692044100,terminal,0.749705,12,0.449964,"Наблюдаемый сток: вход 97,000.00 KZT; выход/вход=0.00; depth=1. Не полный баланс."
100000002692750100,consolidator,0.915294,8,0.693791,"Признаки сбора: 3 отправителей; вход 112,830.00 KZT; получателей 1."
100000002695812100,peripheral,0.15,7,0.255746,"Выраженных критериев ролей нет: отправителей 1, получателей 0; требуется проверка. Граница depth=4: исходящие обрезаны."
100000002696152100,peripheral,0.35,33,0.394391,"Выраженных критериев ролей нет: отправителей 1, получателей 2; требуется проверка."
100000002697752100,terminal,0.768459,6,0.521325,"Наблюдаемый сток: вход 190,785.00 KZT; выход/вход=0.00; depth=3. Не полный баланс."
100000002700161100,peripheral,0.15,51,0.207178,"Выраженных критериев ролей нет: отправителей 1, получателей 0; требуется проверка. Граница depth=4: исходящие обрезаны."
100000002702968100,peripheral,0.15,7,0.173348,"Выраженных критериев ролей нет: отправителей 1, получателей 0; требуется проверка. Граница depth=4: исходящие обрезаны."
100000002703376100,terminal,0.72524,0,0.397515,"Наблюдаемый сток: вход 46,501.00 KZT; выход/вход=0.00; depth=2. Не полный баланс."
100000002704875100,consolidator,0.955598,6,0.67637,"Признаки сбора: 3 отправителей; вход 244,891.00 KZT; получателей 0."
100000002705460100,terminal,0.749293,4,0.474092,"Наблюдаемый сток: вход 95,000.00 KZT; выход/вход=0.00; depth=3. Не полный баланс."
100000002706810100,peripheral,0.15,18,0.177592,"Выраженных критериев ролей нет: отправителей 1, получателей 0; требуется проверка. Граница depth=4: исходящие обрезаны."
100000002707106100,peripheral,0.15,14,0.07293,"Выраженных критериев ролей нет: отправителей 1, получателей 0; требуется проверка. Граница depth=4: исходящие обрезаны."
100000002708624100,terminal,0.703758,26,0.344448,"Наблюдаемый сток: вход 25,000.00 KZT; выход/вход=0.00; depth=3. Не полный баланс."
100000002710570100,terminal,0.773028,31,0.559212,"Наблюдаемый сток: вход 225,015.00 KZT; выход/вход=0.00; depth=2. Не полный баланс."
100000002712416100,terminal,0.755956,9,0.533485,"Наблюдаемый сток: вход 116,800.00 KZT; выход/вход=0.00; depth=3. Не полный баланс."
100000002713074100,peripheral,0.35,16,0.434061,"Выраженных критериев ролей нет: отправителей 2, получателей 1; требуется проверка."
100000002713974100,peripheral,0.15,6,0.195041,"Выраженных критериев ролей нет: отправителей 1, получателей 0; требуется проверка. Граница depth=4: исходящие обрезаны."
100000002718366100,consolidator,0.99596,2,0.78151,"Признаки сбора: 6 отправителей; вход 2,525,000.00 KZT; получателей 0."
100000002720627100,terminal,0.769665,11,0.618051,"Наблюдаемый сток: вход 199,300.00 KZT; выход/вход=0.00; depth=1. Не полный баланс."
100000002721825100,terminal,0.676913,0,0.314582,"Наблюдаемый сток: вход 11,000.00 KZT; выход/вход=0.00; depth=2. Не полный баланс."
100000002722108100,terminal,0.794986,9,0.589786,"Наблюдаемый сток: вход 800,000.00 KZT; выход/вход=0.00; depth=3. Не полный баланс."
100000002723439100,peripheral,0.15,33,0.150599,"Выраженных критериев ролей нет: отправителей 1, получателей 0; требуется проверка. Граница depth=4: исходящие обрезаны."
100000002723538100,distributor,0.935612,6,0.764932,"Признаки распределения: 12 получателей; выход 560,499.00 KZT; отправителей 3."
100000002723674100,peripheral,0.15,22,0.161622,"Выраженных критериев ролей нет: отправителей 1, получателей 0; требуется проверка. Граница depth=4: исходящие обрезаны."
100000002726055100,peripheral,0.15,22,0.102189,"Выраженных критериев ролей нет: отправителей 1, получателей 0; требуется проверка. Граница depth=4: исходящие обрезаны."
100000002727288100,terminal,0.686369,15,0.372745,"Наблюдаемый сток: вход 16,000.00 KZT; выход/вход=0.00; depth=3. Не полный баланс."
100000002728246100,peripheral,0.15,5,0.170366,"Выраженных критериев ролей нет: отправителей 1, получателей 0; требуется проверка. Граница depth=4: исходящие обрезаны."
100000002729875100,peripheral,0.15,7,0.237993,"Выраженных критериев ролей нет: отправителей 1, получателей 0; требуется проверка. Граница depth=4: исходящие обрезаны."
100000002731501100,distributor,0.9217,25,0.669617,"Признаки распределения: 7 получателей; выход 833,960.00 KZT; отправителей 3."
100000002733083100,peripheral,0.15,7,0.113784,"Выраженных критериев ролей нет: отправителей 1, получателей 0; требуется проверка. Граница depth=4: исходящие обрезаны."
100000002733905100,consolidator,0.899896,1,0.655932,"Признаки сбора: 3 отправителей; вход 100,000.00 KZT; получателей 2."
100000002734815100,peripheral,0.15,2,0.234594,"Выраженных критериев ролей нет: отправителей 1, получателей 0; требуется проверка. Граница depth=4: исходящие обрезаны."
100000002736033100,peripheral,0.35,16,0.233335,"Выраженных критериев ролей нет: отправителей 1, получателей 1; требуется проверка."
100000002736316100,consolidator,0.957706,0,0.625118,"Признаки сбора: 3 отправителей; вход 266,921.00 KZT; получателей 0."
100000002737980100,terminal,0.714515,4,0.373162,"Наблюдаемый сток: вход 32,900.00 KZT; выход/вход=0.00; depth=3. Не полный баланс."
100000002738256100,transit,0.717969,52,0.532165,Признаки транзита: выход/вход=1.17; совместимо за 0–2 дня 100% входа.
100000002741024100,consolidator,0.948755,0,0.835629,"Признаки сбора: 5 отправителей; вход 817,980.85 KZT; получателей 6."
100000002742067100,terminal,0.67942,15,0.317581,"Наблюдаемый сток: вход 12,730.00 KZT; выход/вход=0.00; depth=2. Не полный баланс."
100000002744581100,terminal,0.67796,10,0.294912,"Наблюдаемый сток: вход 12,000.00 KZT; выход/вход=0.00; depth=2. Не полный баланс."
100000002748040100,peripheral,0.15,7,0.126678,"Выраженных критериев ролей нет: отправителей 1, получателей 0; требуется проверка. Граница depth=4: исходящие обрезаны."
100000002748180100,distributor,0.936371,9,0.597235,"Признаки распределения: 8 получателей; выход 679,743.00 KZT; отправителей 1."
100000002748511100,peripheral,0.15,4,0.157388,"Выраженных критериев ролей нет: отправителей 1, получателей 0; требуется проверка. Граница depth=4: исходящие обрезаны."
100000002748532100,consolidator,0.933962,21,0.780311,"Признаки сбора: 3 отправителей; вход 355,575.00 KZT; получателей 2."
100000002748581100,terminal,0.721623,14,0.363698,"Наблюдаемый сток: вход 41,180.00 KZT; выход/вход=0.00; depth=3. Не полный баланс."
100000002748761100,terminal,0.794923,9,0.589556,"Наблюдаемый сток: вход 796,800.00 KZT; выход/вход=0.00; depth=3. Не полный баланс."
100000002750332100,terminal,0.677325,2,0.257389,"Наблюдаемый сток: вход 11,360.00 KZT; выход/вход=0.00; depth=1. Не полный баланс."
100000002750956100,terminal,0.72651,0,0.385935,"Наблюдаемый сток: вход 47,416.00 KZT; выход/вход=0.00; depth=1. Не полный баланс."
100000002752565100,peripheral,0.15,6,0.231945,"Выраженных критериев ролей нет: отправителей 1, получателей 0; требуется проверка. Граница depth=4: исходящие обрезаны."
100000002753146100,terminal,0.79505,9,0.59011,"Наблюдаемый сток: вход 803,540.00 KZT; выход/вход=0.00; depth=3. Не полный баланс."
100000002755292100,terminal,0.771251,5,0.525246,"Наблюдаемый сток: вход 203,400.00 KZT; выход/вход=0.00; depth=3. Не полный баланс."
100000002757240100,terminal,0.73146,3,0.462547,"Наблюдаемый сток: вход 51,183.00 KZT; выход/вход=0.00; depth=2. Не полный баланс."
100000002757791100,terminal,0.741328,8,0.420446,"Наблюдаемый сток: вход 73,050.00 KZT; выход/вход=0.00; depth=3. Не полный баланс."
100000002757797100,terminal,0.751324,12,0.453497,"Наблюдаемый сток: вход 100,000.00 KZT; выход/вход=0.00; depth=1. Не полный баланс."
100000002760175100,terminal,0.767888,11,0.612862,"Наблюдаемый сток: вход 187,410.00 KZT; выход/вход=0.00; depth=1. Не полный баланс."
100000002762076100,peripheral,0.35,10,0.325876,"Выраженных критериев ролей нет: отправителей 2, получателей 1; требуется проверка."
100000002769809100,terminal,0.755576,17,0.471501,"Наблюдаемый сток: вход 113,422.00 KZT; выход/вход=0.00; depth=3. Не полный баланс."
100000002773323100,peripheral,0.35,2,0.506145,"Выраженных критериев ролей нет: отправителей 2, получателей 1; требуется проверка."
100000002774456100,terminal,0.730762,11,0.503902,"Наблюдаемый сток: вход 50,363.00 KZT; выход/вход=0.00; depth=1. Не полный баланс."
100000002778085100,terminal,0.738758,4,0.437598,"Наблюдаемый сток: вход 66,208.00 KZT; выход/вход=0.00; depth=1. Не полный баланс."
100000002779485100,terminal,0.747738,6,0.474089,"Наблюдаемый сток: вход 91,000.00 KZT; выход/вход=0.00; depth=2. Не полный баланс."
100000002781227100,transit,0.697101,63,0.694442,Признаки транзита: выход/вход=1.11; совместимо за 0–2 дня 22% входа.
100000002784085100,terminal,0.770331,2,0.501547,"Наблюдаемый сток: вход 200,000.00 KZT; выход/вход=0.00; depth=1. Не полный баланс."
100000002791494100,peripheral,0.15,7,0.247032,"Выраженных критериев ролей нет: отправителей 1, получателей 0; требуется проверка. Граница depth=4: исходящие обрезаны."
100000002793851100,terminal,0.677135,4,0.284818,"Наблюдаемый сток: вход 11,052.00 KZT; выход/вход=0.00; depth=1. Не полный баланс."
100000002793881100,consolidator,0.976405,2,0.700891,"Признаки сбора: 3 отправителей; вход 785,600.00 KZT; получателей 0."
100000002794197100,terminal,0.712484,10,0.332518,"Наблюдаемый сток: вход 30,100.00 KZT; выход/вход=0.00; depth=1. Не полный баланс."
100000002794374100,peripheral,0.15,48,0.248565,"Выраженных критериев ролей нет: отправителей 1, получателей 0; требуется проверка. Граница depth=4: исходящие обрезаны."
100000002796853100,peripheral,0.35,63,0.358062,"Выраженных критериев ролей нет: отправителей 1, получателей 1; требуется проверка."
100000002799941100,terminal,0.79248,17,0.565944,"Наблюдаемый сток: вход 600,000.00 KZT; выход/вход=0.00; depth=3. Не полный баланс."
100000002807334100,terminal,0.733617,5,0.421775,"Наблюдаемый сток: вход 54,715.00 KZT; выход/вход=0.00; depth=3. Не полный баланс."
100000002809568100,terminal,0.673708,0,0.2515,"Наблюдаемый сток: вход 10,000.00 KZT; выход/вход=0.00; depth=1. Не полный баланс."
100000002809896100,terminal,0.718799,7,0.361264,"Наблюдаемый сток: вход 38,000.00 KZT; выход/вход=0.00; depth=3. Не полный баланс."
100000002810870100,terminal,0.714896,1,0.35598,"Наблюдаемый сток: вход 33,677.00 KZT; выход/вход=0.00; depth=1. Не полный баланс."
100000002812641100,peripheral,0.35,2,0.238597,"Выраженных критериев ролей нет: отправителей 1, получателей 1; требуется проверка."
100000002815005100,terminal,0.788386,2,0.570041,"Наблюдаемый сток: вход 476,500.00 KZT; выход/вход=0.00; depth=3. Не полный баланс."
100000002818726100,terminal,0.676691,13,0.306879,"Наблюдаемый сток: вход 10,879.00 KZT; выход/вход=0.00; depth=3. Не полный баланс."
100000002820010100,terminal,0.711215,8,0.333771,"Наблюдаемый сток: вход 30,000.00 KZT; выход/вход=0.00; depth=2. Не полный баланс."
100000002821425100,terminal,0.77782,9,0.523891,"Наблюдаемый сток: вход 275,000.00 KZT; выход/вход=0.00; depth=3. Не полный баланс."
100000002822472100,terminal,0.77709,9,0.562504,"Наблюдаемый сток: вход 266,722.00 KZT; выход/вход=0.00; depth=3. Не полный баланс."
100000002824176100,terminal,0.761097,8,0.519368,"Наблюдаемый сток: вход 144,000.00 KZT; выход/вход=0.00; depth=1. Не полный баланс."
100000002826669100,terminal,0.763572,0,0.559925,"Наблюдаемый сток: вход 159,900.00 KZT; выход/вход=0.00; depth=2. Не полный баланс."
100000002830055100,terminal,0.681292,1,0.271019,"Наблюдаемый сток: вход 14,000.00 KZT; выход/вход=0.00; depth=1. Не полный баланс."
100000002831727100,peripheral,0.35,17,0.268202,"Выраженных критериев ролей нет: отправителей 1, получателей 1; требуется проверка."
100000002832753100,peripheral,0.15,15,0.136448,"Выраженных критериев ролей нет: отправителей 1, получателей 0; требуется проверка. Граница depth=4: исходящие обрезаны."
100000002835874100,peripheral,0.15,2,0.206336,"Выраженных критериев ролей нет: отправителей 1, получателей 0; требуется проверка. Граница depth=4: исходящие обрезаны."
100000002836052100,terminal,0.683545,3,0.407816,"Наблюдаемый сток: вход 15,000.00 KZT; выход/вход=0.00; depth=2. Не полный баланс."
100000002836736100,terminal,0.7901,8,0.636,"Наблюдаемый сток: вход 509,000.00 KZT; выход/вход=0.00; depth=1. Не полный баланс."
100000002838519100,terminal,0.725431,14,0.374525,"Наблюдаемый сток: вход 46,900.00 KZT; выход/вход=0.00; depth=3. Не полный баланс."
100000002838861100,consolidator,0.972949,2,0.79372,"Признаки сбора: 5 отправителей; вход 554,523.95 KZT; получателей 1."
100000002842321100,terminal,0.763826,5,0.504911,"Наблюдаемый сток: вход 160,000.00 KZT; выход/вход=0.00; depth=3. Не полный баланс."
100000002842337100,terminal,0.729365,10,0.414511,"Наблюдаемый сток: вход 50,000.00 KZT; выход/вход=0.00; depth=2. Не полный баланс."
100000002844652100,terminal,0.736791,10,0.394803,"Наблюдаемый сток: вход 61,360.00 KZT; выход/вход=0.00; depth=1. Не полный баланс."
100000002844897100,terminal,0.676564,2,0.255519,"Наблюдаемый сток: вход 10,800.00 KZT; выход/вход=0.00; depth=1. Не полный баланс."
100000002845605100,terminal,0.735204,0,0.407836,"Наблюдаемый сток: вход 57,567.00 KZT; выход/вход=0.00; depth=1. Не полный баланс."
100000002847207100,terminal,0.724923,3,0.466983,"Наблюдаемый сток: вход 46,243.00 KZT; выход/вход=0.00; depth=1. Не полный баланс."
100000002849158100,consolidator,0.956907,2,0.759493,"Признаки сбора: 3 отправителей; вход 723,000.00 KZT; получателей 1."
100000002852402100,terminal,0.733998,15,0.4168,"Наблюдаемый сток: вход 55,000.00 KZT; выход/вход=0.00; depth=2. Не полный баланс."
100000002858835100,terminal,0.70233,1,0.322941,"Наблюдаемый сток: вход 24,400.00 KZT; выход/вход=0.00; depth=1. Не полный баланс."
100000002860934100,peripheral,0.15,28,0.310594,"Выраженных критериев ролей нет: отправителей 1, получателей 0; требуется проверка. Граница depth=4: исходящие обрезаны."
100000002861485100,terminal,0.709755,4,0.359973,"Наблюдаемый сток: вход 29,323.00 KZT; выход/вход=0.00; depth=1. Не полный баланс."
100000002862113100,terminal,0.726446,14,0.377131,"Наблюдаемый сток: вход 47,405.00 KZT; выход/вход=0.00; depth=3. Не полный баланс."
100000002863356100,peripheral,0.35,1,0.245109,"Выраженных критериев ролей нет: отправителей 1, получателей 1; требуется проверка."
100000002864256100,terminal,0.759003,3,0.562403,"Наблюдаемый сток: вход 135,780.00 KZT; выход/вход=0.00; depth=1. Не полный баланс."
100000002864680100,terminal,0.734569,12,0.404221,"Наблюдаемый сток: вход 55,932.00 KZT; выход/вход=0.00; depth=1. Не полный баланс."
100000002870463100,consolidator,0.932701,8,0.670599,"Признаки сбора: 3 отправителей; вход 207,000.00 KZT; получателей 1."
100000002870937100,terminal,0.745104,10,0.417221,"Наблюдаемый сток: вход 83,700.00 KZT; выход/вход=0.00; depth=1. Не полный баланс."
100000002871199100,terminal,0.699538,14,0.306459,"Наблюдаемый сток: вход 23,186.00 KZT; выход/вход=0.00; depth=3. Не полный баланс."
100000002872399100,terminal,0.7967,10,0.601862,"Наблюдаемый сток: вход 1,090,000.00 KZT; выход/вход=0.00; depth=3. Не полный баланс."
100000002876914100,peripheral,0.15,18,0.079156,"Выраженных критериев ролей нет: отправителей 1, получателей 0; требуется проверка. Граница depth=4: исходящие обрезаны."
100000002877262100,terminal,0.751324,2,0.491879,"Наблюдаемый сток: вход 100,000.00 KZT; выход/вход=0.00; depth=3. Не полный баланс."
100000002878467100,terminal,0.770331,2,0.519782,"Наблюдаемый сток: вход 200,000.00 KZT; выход/вход=0.00; depth=3. Не полный баланс."
100000002878483100,peripheral,0.15,18,0.051271,"Выраженных критериев ролей нет: отправителей 1, получателей 0; требуется проверка. Граница depth=4: исходящие обрезаны."
100000002881669100,terminal,0.69151,12,0.293668,"Наблюдаемый сток: вход 18,600.00 KZT; выход/вход=0.00; depth=1. Не полный баланс."
100000002883402100,consolidator,0.960562,2,0.633235,"Признаки сбора: 3 отправителей; вход 300,000.00 KZT; получателей 0."
100000002884708100,peripheral,0.15,2,0.356989,"Выраженных критериев ролей нет: отправителей 1, получателей 0; требуется проверка. Граница depth=4: исходящие обрезаны."
100000002886166100,terminal,0.767602,25,0.490104,"Наблюдаемый сток: вход 185,000.00 KZT; выход/вход=0.00; depth=3. Не полный баланс."
100000002890167100,terminal,0.756083,4,0.487557,"Наблюдаемый сток: вход 118,150.00 KZT; выход/вход=0.00; depth=1. Не полный баланс."
100000002891765100,terminal,0.734442,14,0.397884,"Наблюдаемый сток: вход 55,576.00 KZT; выход/вход=0.00; depth=3. Не полный баланс."
100000002893020100,terminal,0.691414,7,0.290084,"Наблюдаемый сток: вход 18,340.00 KZT; выход/вход=0.00; depth=3. Не полный баланс."
100000002894076100,consolidator,0.988208,10,0.756518,"Признаки сбора: 4 отправителей; вход 1,122,782.00 KZT; получателей 0."
100000002896506100,peripheral,0.15,5,0.230563,"Выраженных критериев ролей нет: отправителей 1, получателей 0; требуется проверка. Граница depth=4: исходящие обрезаны."
100000002901457100,peripheral,0.35,0,0.496858,"Выраженных критериев ролей нет: отправителей 1, получателей 3; требуется проверка."
100000002904919100,terminal,0.712832,0,0.429733,"Наблюдаемый сток: вход 60,325.00 KZT; выход/вход=0.09; depth=3. Не полный баланс."
100000002906470100,terminal,0.758114,17,0.4585,"Наблюдаемый сток: вход 130,000.00 KZT; выход/вход=0.00; depth=3. Не полный баланс."
100000002908521100,terminal,0.723241,1,0.35947,"Наблюдаемый сток: вход 44,500.00 KZT; выход/вход=0.00; depth=3. Не полный баланс."
100000002911170100,terminal,0.779946,30,0.579677,"Наблюдаемый сток: вход 300,000.00 KZT; выход/вход=0.00; depth=2. Не полный баланс."
100000002913340100,terminal,0.700458,1,0.299286,"Наблюдаемый сток: вход 23,600.00 KZT; выход/вход=0.00; depth=3. Не полный баланс."
100000002914245100,terminal,0.760399,20,0.449358,"Наблюдаемый сток: вход 140,611.00 KZT; выход/вход=0.00; depth=3. Не полный баланс."
100000002916006100,peripheral,0.35,19,0.156635,"Выраженных критериев ролей нет: отправителей 0, получателей 1; требуется проверка. Seed: входящие неполны."
100000002921047100,peripheral,0.35,10,0.493479,"Выраженных критериев ролей нет: отправителей 2, получателей 1; требуется проверка."
100000002922000100,peripheral,0.15,45,0.321266,"Выраженных критериев ролей нет: отправителей 1, получателей 0; требуется проверка. Граница depth=4: исходящие обрезаны."
100000002926970100,terminal,0.745549,7,0.434501,"Наблюдаемый сток: вход 85,000.00 KZT; выход/вход=0.00; depth=3. Не полный баланс."
100000002933386100,peripheral,0.35,3,0.340895,"Выраженных критериев ролей нет: отправителей 1, получателей 1; требуется проверка."
100000002934441100,terminal,0.736664,0,0.419704,"Наблюдаемый сток: вход 60,845.60 KZT; выход/вход=0.00; depth=1. Не полный баланс."
100000002936322100,terminal,0.794796,20,0.598512,"Наблюдаемый сток: вход 787,133.00 KZT; выход/вход=0.00; depth=3. Не полный баланс."
100000002938501100,peripheral,0.35,4,0.15636,"Выраженных критериев ролей нет: отправителей 1, получателей 1; требуется проверка."
100000002939838100,consolidator,0.973277,4,0.738127,"Признаки сбора: 3 отправителей; вход 571,233.00 KZT; получателей 0."
100000002941114100,peripheral,0.35,11,0.517353,"Выраженных критериев ролей нет: отправителей 2, получателей 1; требуется проверка."
100000002943472100,terminal,0.765635,2,0.534647,"Наблюдаемый сток: вход 170,000.00 KZT; выход/вход=0.00; depth=3. Не полный баланс."
100000002945031100,terminal,0.683545,13,0.325952,"Наблюдаемый сток: вход 15,000.00 KZT; выход/вход=0.00; depth=3. Не полный баланс."
100000002945626100,consolidator,0.973481,2,0.685904,"Признаки сбора: 3 отправителей; вход 584,000.00 KZT; получателей 0."
100000002947299100,terminal,0.745549,3,0.501966,"Наблюдаемый сток: вход 85,000.00 KZT; выход/вход=0.00; depth=2. Не полный баланс."
100000002948492100,terminal,0.700617,14,0.308567,"Наблюдаемый сток: вход 23,660.00 KZT; выход/вход=0.00; depth=3. Не полный баланс."
100000002951898100,terminal,0.719846,14,0.359792,"Наблюдаемый сток: вход 39,990.00 KZT; выход/вход=0.00; depth=3. Не полный баланс."
100000002952631100,terminal,0.7267,4,0.406009,"Наблюдаемый сток: вход 48,050.00 KZT; выход/вход=0.00; depth=1. Не полный баланс."
100000002952756100,terminal,0.725716,9,0.402214,"Наблюдаемый сток: вход 47,000.00 KZT; выход/вход=0.00; depth=3. Не полный баланс."
100000002954780100,terminal,0.758622,2,0.440344,"Наблюдаемый сток: вход 133,400.00 KZT; выход/вход=0.00; depth=3. Не полный баланс."
100000002956769100,consolidator,0.977153,9,0.676397,"Признаки сбора: 3 отправителей; вход 840,000.00 KZT; получателей 0."
100000002956779100,terminal,0.785848,3,0.549192,"Наблюдаемый сток: вход 411,000.00 KZT; выход/вход=0.00; depth=3. Не полный баланс."
100000002956898100,terminal,0.779184,15,0.588621,"Наблюдаемый сток: вход 290,240.00 KZT; выход/вход=0.00; depth=2. Не полный баланс."
100000002957306100,terminal,0.785277,11,0.668052,"Наблюдаемый сток: вход 398,490.00 KZT; выход/вход=0.00; depth=1. Не полный баланс."
100000002957787100,coordinator,0.978164,0,0.898498,Структурный посредник: betweenness=0.004277; внешних кластеров 8; достижим от 4 seed.
100000002958139100,terminal,0.771568,2,0.511325,"Наблюдаемый сток: вход 209,500.00 KZT; выход/вход=0.00; depth=3. Не полный баланс."
100000002958286100,terminal,0.776519,2,0.520555,"Наблюдаемый сток: вход 257,000.00 KZT; выход/вход=0.00; depth=1. Не полный баланс."
100000002958343100,peripheral,0.35,10,0.428307,"Выраженных критериев ролей нет: отправителей 1, получателей 2; требуется проверка."
100000002958345100,terminal,0.780834,9,0.533552,"Наблюдаемый сток: вход 307,000.00 KZT; выход/вход=0.00; depth=3. Не полный баланс."
100000002963189100,distributor,0.956007,14,0.761531,"Признаки распределения: 7 получателей; выход 5,219,000.00 KZT; отправителей 1."
100000002964966100,terminal,0.770331,3,0.541838,"Наблюдаемый сток: вход 200,000.00 KZT; выход/вход=0.00; depth=2. Не полный баланс."
100000002968096100,peripheral,0.15,6,0.262041,"Выраженных критериев ролей нет: отправителей 1, получателей 0; требуется проверка. Граница depth=4: исходящие обрезаны."
100000002969048100,terminal,0.754053,8,0.452186,"Наблюдаемый сток: вход 108,470.00 KZT; выход/вход=0.00; depth=2. Не полный баланс."
100000002970466100,peripheral,0.35,0,0.34392,"Выраженных критериев ролей нет: отправителей 1, получателей 2; требуется проверка."
100000002971593100,peripheral,0.15,5,0.260636,"Выраженных критериев ролей нет: отправителей 1, получателей 0; требуется проверка. Граница depth=4: исходящие обрезаны."
100000002973903100,consolidator,0.926632,12,0.585045,"Признаки сбора: 3 отправителей; вход 92,880.00 KZT; получателей 0."
100000002974256100,terminal,0.667996,12,0.297517,"Наблюдаемый сток: вход 7,200.00 KZT; выход/вход=0.00; depth=2. Не полный баланс."
100000002975287100,terminal,0.683545,16,0.263824,"Наблюдаемый сток: вход 15,000.00 KZT; выход/вход=0.00; depth=3. Не полный баланс."
100000002975437100,terminal,0.78666,31,0.569982,"Наблюдаемый сток: вход 530,000.00 KZT; выход/вход=0.02; depth=3. Не полный баланс."
100000002981489100,peripheral,0.15,5,0.111893,"Выраженных критериев ролей нет: отправителей 1, получателей 0; требуется проверка. Граница depth=4: исходящие обрезаны."
100000002981527100,terminal,0.765222,2,0.488089,"Наблюдаемый сток: вход 168,000.00 KZT; выход/вход=0.00; depth=1. Не полный баланс."
100000002982252100,terminal,0.696491,1,0.308604,"Наблюдаемый сток: вход 20,320.00 KZT; выход/вход=0.00; depth=1. Не полный баланс."
100000002983426100,terminal,0.746564,7,0.438346,"Наблюдаемый сток: вход 88,945.00 KZT; выход/вход=0.00; depth=3. Не полный баланс."
100000002983879100,terminal,0.77087,3,0.593707,"Наблюдаемый сток: вход 200,050.00 KZT; выход/вход=0.00; depth=2. Не полный баланс."
100000002984403100,peripheral,0.35,26,0.275091,"Выраженных критериев ролей нет: отправителей 1, получателей 1; требуется проверка."
100000002986245100,peripheral,0.15,18,0.050002,"Выраженных критериев ролей нет: отправителей 1, получателей 0; требуется проверка. Граница depth=4: исходящие обрезаны."
100000002988894100,peripheral,0.35,3,0.553242,"Выраженных критериев ролей нет: отправителей 1, получателей 3; требуется проверка."
100000002989353100,peripheral,0.35,9,0.41013,"Выраженных критериев ролей нет: отправителей 1, получателей 2; требуется проверка."
100000002990675100,terminal,0.731396,5,0.415748,"Наблюдаемый сток: вход 51,143.00 KZT; выход/вход=0.00; depth=3. Не полный баланс."
100000002991079100,terminal,0.742334,4,0.597494,"Наблюдаемый сток: вход 148,900.00 KZT; выход/вход=0.07; depth=1. Не полный баланс."
100000002992171100,terminal,0.682149,1,0.273546,"Наблюдаемый сток: вход 14,627.00 KZT; выход/вход=0.00; depth=1. Не полный баланс."
100000002994441100,peripheral,0.15,6,0.105065,"Выраженных критериев ролей нет: отправителей 1, получателей 0; требуется проверка. Граница depth=4: исходящие обрезаны."
100000002999140100,peripheral,0.15,12,0.065705,"Выраженных критериев ролей нет: отправителей 1, получателей 0; требуется проверка. Граница depth=4: исходящие обрезаны."
100000003001138100,peripheral,0.15,28,0.158231,"Выраженных критериев ролей нет: отправителей 1, получателей 0; требуется проверка. Граница depth=4: исходящие обрезаны."
100000003001564100,peripheral,0.35,4,0.352584,"Выраженных критериев ролей нет: отправителей 1, получателей 1; требуется проверка."
100000003001661100,distributor,0.906178,28,0.722586,"Признаки распределения: 5 получателей; выход 439,500.00 KZT; отправителей 1."
100000003003821100,terminal,0.720354,3,0.485782,"Наблюдаемый сток: вход 40,000.00 KZT; выход/вход=0.00; depth=2. Не полный баланс."
100000003004487100,consolidator,0.931454,31,0.760582,"Признаки сбора: 4 отправителей; вход 183,702.80 KZT; получателей 2."
100000003005167100,peripheral,0.15,18,0.056206,"Выраженных критериев ролей нет: отправителей 1, получателей 0; требуется проверка. Граница depth=4: исходящие обрезаны."
100000003006633100,terminal,0.673708,35,0.254349,"Наблюдаемый сток: вход 10,000.00 KZT; выход/вход=0.00; depth=3. Не полный баланс."
100000003009900100,terminal,0.686083,7,0.276943,"Наблюдаемый сток: вход 15,998.00 KZT; выход/вход=0.00; depth=3. Не полный баланс."
100000003010908100,peripheral,0.15,7,0.134059,"Выраженных критериев ролей нет: отправителей 1, получателей 0; требуется проверка. Граница depth=4: исходящие обрезаны."
100000003014659100,terminal,0.778296,11,0.642991,"Наблюдаемый сток: вход 280,000.00 KZT; выход/вход=0.00; depth=1. Не полный баланс."
100000003016438100,peripheral,0.35,2,0.420544,"Выраженных критериев ролей нет: отправителей 1, получателей 1; требуется проверка."
100000003016635100,distributor,0.990575,4,0.937677,"Признаки распределения: 73 получателей; выход 9,414,081.00 KZT; отправителей 8. Seed: входящие неполны."
100000003016773100,terminal,0.725367,2,0.392925,"Наблюдаемый сток: вход 46,555.00 KZT; выход/вход=0.00; depth=2. Не полный баланс."
100000003022835100,terminal,0.757257,3,0.557491,"Наблюдаемый сток: вход 125,000.00 KZT; выход/вход=0.00; depth=1. Не полный баланс."
100000003024542100,terminal,0.669646,3,0.359348,"Наблюдаемый сток: вход 8,500.00 KZT; выход/вход=0.00; depth=2. Не полный баланс."
100000003025903100,peripheral,0.15,5,0.368965,"Выраженных критериев ролей нет: отправителей 1, получателей 0; требуется проверка. Граница depth=4: исходящие обрезаны."
100000003031003100,consolidator,0.958998,9,0.637888,"Признаки сбора: 3 отправителей; вход 280,090.00 KZT; получателей 0."
100000003031633100,terminal,0.785943,2,0.56033,"Наблюдаемый сток: вход 414,000.00 KZT; выход/вход=0.00; depth=3. Не полный баланс."
100000003031761100,terminal,0.788069,20,0.54014,"Наблюдаемый сток: вход 460,408.00 KZT; выход/вход=0.00; depth=3. Не полный баланс."
100000003031890100,terminal,0.772076,25,0.516842,"Наблюдаемый сток: вход 215,000.00 KZT; выход/вход=0.00; depth=2. Не полный баланс."
100000003034546100,terminal,0.788894,2,0.551863,"Наблюдаемый сток: вход 486,715.00 KZT; выход/вход=0.00; depth=2. Не полный баланс."
100000003035737100,terminal,0.793074,5,0.675446,"Наблюдаемый сток: вход 809,170.00 KZT; выход/вход=0.01; depth=3. Не полный баланс."
100000003036198100,terminal,0.683545,3,0.29137,"Наблюдаемый сток: вход 15,000.00 KZT; выход/вход=0.00; depth=2. Не полный баланс."
100000003037476100,consolidator,0.7,2,0.505349,"Признаки сбора: 3 отправителей; вход 555,000.00 KZT; получателей 0. Граница depth=4: исходящие обрезаны."
100000003037660100,terminal,0.732507,3,0.485473,"Наблюдаемый сток: вход 53,000.00 KZT; выход/вход=0.00; depth=1. Не полный баланс."
100000003039473100,terminal,0.699252,4,0.389138,"Наблюдаемый сток: вход 23,000.00 KZT; выход/вход=0.00; depth=2. Не полный баланс."
100000003040087100,peripheral,0.15,7,0.16466,"Выраженных критериев ролей нет: отправителей 1, получателей 0; требуется проверка. Граница depth=4: исходящие обрезаны."
100000003042994100,terminal,0.778994,4,0.555868,"Наблюдаемый сток: вход 286,086.00 KZT; выход/вход=0.00; depth=1. Не полный баланс."
100000003044431100,terminal,0.736061,3,0.464168,"Наблюдаемый сток: вход 60,000.00 KZT; выход/вход=0.00; depth=2. Не полный баланс."
100000003044518100,terminal,0.715594,10,0.341103,"Наблюдаемый сток: вход 34,423.00 KZT; выход/вход=0.00; depth=1. Не полный баланс."
100000003047800100,peripheral,0.15,9,0.115153,"Выраженных критериев ролей нет: отправителей 1, получателей 0; требуется проверка. Граница depth=4: исходящие обрезаны."
100000003050771100,terminal,0.773282,13,0.568526,"Наблюдаемый сток: вход 229,000.00 KZT; выход/вход=0.00; depth=3. Не полный баланс."
100000003054328100,peripheral,0.35,9,0.347976,"Выраженных критериев ролей нет: отправителей 1, получателей 2; требуется проверка."
100000003057225100,terminal,0.774361,4,0.541679,"Наблюдаемый сток: вход 236,000.00 KZT; выход/вход=0.00; depth=1. Не полный баланс."
100000003060187100,terminal,0.748404,17,0.431143,"Наблюдаемый сток: вход 93,046.00 KZT; выход/вход=0.00; depth=3. Не полный баланс."
100000003060517100,terminal,0.780898,16,0.530214,"Наблюдаемый сток: вход 315,955.00 KZT; выход/вход=0.00; depth=3. Не полный баланс."
100000003061115100,peripheral,0.15,0,0.230601,"Выраженных критериев ролей нет: отправителей 1, получателей 0; требуется проверка. Граница depth=4: исходящие обрезаны."
100000003062895100,terminal,0.781405,2,0.570066,"Наблюдаемый сток: вход 328,444.00 KZT; выход/вход=0.00; depth=2. Не полный баланс."
100000003066385100,terminal,0.694429,0,0.309009,"Наблюдаемый сток: вход 20,000.00 KZT; выход/вход=0.00; depth=1. Не полный баланс."
100000003068941100,consolidator,0.908256,0,0.627254,"Признаки сбора: 3 отправителей; вход 94,000.00 KZT; получателей 1."
100000003069463100,peripheral,0.35,27,0.200699,"Выраженных критериев ролей нет: отправителей 1, получателей 1; требуется проверка."
100000003071649100,terminal,0.768205,2,0.469003,"Наблюдаемый сток: вход 189,500.00 KZT; выход/вход=0.00; depth=3. Не полный баланс."
100000003071930100,consolidator,0.950924,2,0.817225,"Признаки сбора: 3 отправителей; вход 477,610.00 KZT; получателей 1."
100000003072205100,peripheral,0.15,2,0.307774,"Выраженных критериев ролей нет: отправителей 2, получателей 0; требуется проверка. Граница depth=4: исходящие обрезаны."
100000003072676100,terminal,0.713626,16,0.338662,"Наблюдаемый сток: вход 31,545.00 KZT; выход/вход=0.00; depth=3. Не полный баланс."
100000003073398100,terminal,0.748341,8,0.437484,"Наблюдаемый сток: вход 92,960.00 KZT; выход/вход=0.00; depth=2. Не полный баланс."
100000003073635100,terminal,0.757924,6,0.46052,"Наблюдаемый сток: вход 129,231.00 KZT; выход/вход=0.00; depth=3. Не полный баланс."
100000003074515100,peripheral,0.15,2,0.248061,"Выраженных критериев ролей нет: отправителей 1, получателей 0; требуется проверка. Граница depth=4: исходящие обрезаны."
100000003078839100,peripheral,0.15,6,0.107179,"Выраженных критериев ролей нет: отправителей 1, получателей 0; требуется проверка. Граница depth=4: исходящие обрезаны."
100000003083865100,peripheral,0.15,7,0.11182,"Выраженных критериев ролей нет: отправителей 1, получателей 0; требуется проверка. Граница depth=4: исходящие обрезаны."
100000003084870100,peripheral,0.15,9,0.092628,"Выраженных критериев ролей нет: отправителей 1, получателей 0; требуется проверка. Граница depth=4: исходящие обрезаны."
100000003086040100,terminal,0.676342,0,0.344893,"Наблюдаемый сток: вход 10,500.00 KZT; выход/вход=0.00; depth=2. Не полный баланс."
100000003087877100,terminal,0.74796,20,0.415271,"Наблюдаемый сток: вход 91,486.00 KZT; выход/вход=0.00; depth=3. Не полный баланс."
100000003089018100,terminal,0.773472,2,0.498951,"Наблюдаемый сток: вход 230,000.00 KZT; выход/вход=0.00; depth=2. Не полный баланс."
100000003089553100,terminal,0.762049,2,0.522358,"Наблюдаемый сток: вход 150,000.00 KZT; выход/вход=0.00; depth=3. Не полный баланс."
100000003091142100,peripheral,0.15,0,0.215632,"Выраженных критериев ролей нет: отправителей 1, получателей 0; требуется проверка. Граница depth=4: исходящие обрезаны."
100000003093299100,terminal,0.683545,0,0.282404,"Наблюдаемый сток: вход 15,000.00 KZT; выход/вход=0.00; depth=3. Не полный баланс."
100000003095610100,terminal,0.70068,7,0.31308,"Наблюдаемый сток: вход 23,665.00 KZT; выход/вход=0.00; depth=3. Не полный баланс."
100000003096787100,peripheral,0.15,7,0.119422,"Выраженных критериев ролей нет: отправителей 1, получателей 0; требуется проверка. Граница depth=4: исходящие обрезаны."
100000003097324100,terminal,0.779311,21,0.57418,"Наблюдаемый сток: вход 294,000.00 KZT; выход/вход=0.00; depth=3. Не полный баланс."
100000003097947100,peripheral,0.15,6,0.197501,"Выраженных критериев ролей нет: отправителей 1, получателей 0; требуется проверка. Граница depth=4: исходящие обрезаны."
100000003102157100,terminal,0.749547,0,0.451651,"Наблюдаемый сток: вход 96,746.00 KZT; выход/вход=0.00; depth=1. Не полный баланс."
100000003104347100,terminal,0.766134,23,0.595781,"Наблюдаемый сток: вход 418,000.00 KZT; выход/вход=0.08; depth=2. Не полный баланс."
100000003105089100,peripheral,0.15,22,0.083394,"Выраженных критериев ролей нет: отправителей 1, получателей 0; требуется проверка. Граница depth=4: исходящие обрезаны."
100000003105929100,peripheral,0.35,5,0.441449,"Выраженных критериев ролей нет: отправителей 1, получателей 1; требуется проверка."
100000003109805100,terminal,0.717815,16,0.344491,"Наблюдаемый сток: вход 36,929.00 KZT; выход/вход=0.00; depth=3. Не полный баланс."
100000003111305100,consolidator,0.980797,8,0.693477,"Признаки сбора: 4 отправителей; вход 509,338.00 KZT; получателей 0."
100000003112436100,terminal,0.751324,4,0.527418,"Наблюдаемый сток: вход 100,000.00 KZT; выход/вход=0.00; depth=2. Не полный баланс."
100000003112578100,terminal,0.752656,9,0.448703,"Наблюдаемый сток: вход 101,080.00 KZT; выход/вход=0.00; depth=3. Не полный баланс."
100000003115284100,consolidator,0.982303,11,0.922627,"Признаки сбора: 8 отправителей; вход 2,160,500.00 KZT; получателей 2."
100000003116106100,terminal,0.789148,5,0.588122,"Наблюдаемый сток: вход 494,050.00 KZT; выход/вход=0.00; depth=3. Не полный баланс."
100000003119550100,terminal,0.697126,1,0.310271,"Наблюдаемый сток: вход 21,000.00 KZT; выход/вход=0.00; depth=1. Не полный баланс."
100000003122817100,terminal,0.787117,27,0.552291,"Наблюдаемый сток: вход 444,680.00 KZT; выход/вход=0.00; depth=3. Не полный баланс."
100000003123296100,terminal,0.745929,12,0.437904,"Наблюдаемый сток: вход 86,200.00 KZT; выход/вход=0.00; depth=1. Не полный баланс."
100000003125997100,peripheral,0.15,2,0.248254,"Выраженных критериев ролей нет: отправителей 1, получателей 0; требуется проверка. Граница depth=4: исходящие обрезаны."
100000003128638100,peripheral,0.15,2,0.29569,"Выраженных критериев ролей нет: отправителей 1, получателей 0; требуется проверка. Граница depth=4: исходящие обрезаны."
100000003131016100,peripheral,0.35,6,0.423104,"Выраженных критериев ролей нет: отправителей 1, получателей 1; требуется проверка."
100000003131693100,terminal,0.782992,3,0.633757,"Наблюдаемый сток: вход 353,277.00 KZT; выход/вход=0.00; depth=1. Не полный баланс."
100000003132484100,terminal,0.747167,2,0.466208,"Наблюдаемый сток: вход 90,000.00 KZT; выход/вход=0.00; depth=3. Не полный баланс."
100000003133045100,peripheral,0.15,2,0.214203,"Выраженных критериев ролей нет: отправителей 1, получателей 0; требуется проверка. Граница depth=4: исходящие обрезаны."
100000003134474100,terminal,0.755766,5,0.48093,"Наблюдаемый сток: вход 116,000.00 KZT; выход/вход=0.00; depth=3. Не полный баланс."
100000003134550100,peripheral,0.15,2,0.218866,"Выраженных критериев ролей нет: отправителей 1, получателей 0; требуется проверка. Граница depth=4: исходящие обрезаны."
100000003134934100,consolidator,0.974337,0,0.654693,"Признаки сбора: 4 отправителей; вход 379,354.00 KZT; получателей 0."
100000003134937100,terminal,0.676183,4,0.282712,"Наблюдаемый сток: вход 10,286.00 KZT; выход/вход=0.00; depth=1. Не полный баланс."
100000003146511100,peripheral,0.15,13,0.117893,"Выраженных критериев ролей нет: отправителей 1, получателей 0; требуется проверка. Граница depth=4: исходящие обрезаны."
100000003147719100,terminal,0.751324,2,0.41922,"Наблюдаемый сток: вход 100,000.00 KZT; выход/вход=0.00; depth=3. Не полный баланс."
100000003148220100,peripheral,0.35,59,0.269823,"Выраженных критериев ролей нет: отправителей 1, получателей 2; требуется проверка."
100000003149149100,terminal,0.775376,5,0.538594,"Наблюдаемый сток: вход 245,000.00 KZT; выход/вход=0.00; depth=3. Не полный баланс."
100000003152964100,terminal,0.750698,6,0.514008,"Наблюдаемый сток: вход 141,847.00 KZT; выход/вход=0.04; depth=3. Не полный баланс."
100000003154105100,distributor,0.916021,22,0.723295,"Признаки распределения: 7 получателей; выход 338,000.00 KZT; отправителей 1."
100000003157333100,terminal,0.711215,8,0.333771,"Наблюдаемый сток: вход 30,000.00 KZT; выход/вход=0.00; depth=2. Не полный баланс."
100000003157679100,consolidator,0.981681,2,0.692123,"Признаки сбора: 4 отправителей; вход 541,000.00 KZT; получателей 0."
100000003158727100,consolidator,0.964642,10,0.669068,"Признаки сбора: 3 отправителей; вход 367,940.00 KZT; получателей 0."
100000003159641100,consolidator,0.909462,58,0.730784,"Признаки сбора: 4 отправителей; вход 64,000.00 KZT; получателей 1."
100000003163256100,transit,0.598023,4,0.370986,Признаки транзита: выход/вход=1.11; совместимо за 0–2 дня 0% входа.
100000003163886100,terminal,0.789719,55,0.607582,"Наблюдаемый сток: вход 500,000.00 KZT; выход/вход=0.00; depth=3. Не полный баланс."
100000003164661100,terminal,0.792321,29,0.582846,"Наблюдаемый сток: вход 596,200.00 KZT; выход/вход=0.00; depth=3. Не полный баланс."
100000003166017100,peripheral,0.15,7,0.11182,"Выраженных критериев ролей нет: отправителей 1, получателей 0; требуется проверка. Граница depth=4: исходящие обрезаны."
100000003166755100,terminal,0.701949,3,0.336127,"Наблюдаемый сток: вход 24,010.00 KZT; выход/вход=0.00; depth=2. Не полный баланс."
100000003171006100,terminal,0.78883,2,0.603664,"Наблюдаемый сток: вход 485,000.00 KZT; выход/вход=0.00; depth=3. Не полный баланс."
100000003171587100,peripheral,0.35,5,0.516709,"Выраженных критериев ролей нет: отправителей 2, получателей 2; требуется проверка."
100000003173783100,peripheral,0.15,30,0.147106,"Выраженных критериев ролей нет: отправителей 1, получателей 0; требуется проверка. Граница depth=4: исходящие обрезаны."
100000003177533100,peripheral,0.15,6,0.135969,"Выраженных критериев ролей нет: отправителей 1, получателей 0; требуется проверка. Граница depth=4: исходящие обрезаны."
100000003178549100,peripheral,0.35,16,0.475651,"Выраженных критериев ролей нет: отправителей 2, получателей 4; требуется проверка."
100000003180305100,peripheral,0.15,0,0.320427,"Выраженных критериев ролей нет: отправителей 1, получателей 0; требуется проверка. Граница depth=4: исходящие обрезаны."
100000003180820100,peripheral,0.15,2,0.245979,"Выраженных критериев ролей нет: отправителей 1, получателей 0; требуется проверка. Граница depth=4: исходящие обрезаны."
100000003186579100,peripheral,0.15,6,0.258333,"Выраженных критериев ролей нет: отправителей 1, получателей 0; требуется проверка. Граница depth=4: исходящие обрезаны."
100000003187359100,terminal,0.692176,1,0.298474,"Наблюдаемый сток: вход 19,072.00 KZT; выход/вход=0.00; depth=1. Не полный баланс."
100000003188607100,peripheral,0.35,10,0.168814,"Выраженных критериев ролей нет: отправителей 1, получателей 1; требуется проверка."
100000003190207100,peripheral,0.35,19,0.41874,"Выраженных критериев ролей нет: отправителей 1, получателей 1; требуется проверка."
100000003191430100,terminal,0.76665,4,0.51518,"Наблюдаемый сток: вход 180,000.00 KZT; выход/вход=0.00; depth=2. Не полный баланс."
100000003192220100,terminal,0.736061,54,0.440772,"Наблюдаемый сток: вход 60,000.00 KZT; выход/вход=0.00; depth=2. Не полный баланс."
100000003192309100,peripheral,0.35,1,0.287391,"Выраженных критериев ролей нет: отправителей 1, получателей 1; требуется проверка."
100000003194831100,peripheral,0.15,9,0.058651,"Выраженных критериев ролей нет: отправителей 1, получателей 0; требуется проверка. Граница depth=4: исходящие обрезаны."
100000003199390100,peripheral,0.15,5,0.342604,"Выраженных критериев ролей нет: отправителей 1, получателей 0; требуется проверка. Граница depth=4: исходящие обрезаны."
100000003200071100,peripheral,0.35,68,0.150713,"Выраженных критериев ролей нет: отправителей 0, получателей 1; требуется проверка. Seed: входящие неполны."
100000003204491100,peripheral,0.35,0,0.341434,"Выраженных критериев ролей нет: отправителей 1, получателей 1; требуется проверка."
100000003205210100,terminal,0.75932,3,0.563204,"Наблюдаемый сток: вход 137,563.00 KZT; выход/вход=0.00; depth=1. Не полный баланс."
100000003207060100,peripheral,0.15,0,0.237854,"Выраженных критериев ролей нет: отправителей 1, получателей 0; требуется проверка. Граница depth=4: исходящие обрезаны."
100000003213473100,distributor,0.920731,0,0.665246,"Признаки распределения: 11 получателей; выход 240,000.00 KZT; отправителей 1."
100000003214786100,peripheral,0.15,0,0.119502,"Выраженных критериев ролей нет: отправителей 1, получателей 0; требуется проверка. Граница depth=4: исходящие обрезаны."
100000003215448100,peripheral,0.35,6,0.384201,"Выраженных критериев ролей нет: отправителей 1, получателей 2; требуется проверка."
100000003216073100,peripheral,0.35,20,0.237581,"Выраженных критериев ролей нет: отправителей 1, получателей 1; требуется проверка."
100000003218308100,terminal,0.677262,0,0.268731,"Наблюдаемый сток: вход 11,165.00 KZT; выход/вход=0.00; depth=3. Не полный баланс."
100000003219438100,terminal,0.714071,34,0.387766,"Наблюдаемый сток: вход 32,000.00 KZT; выход/вход=0.00; depth=2. Не полный баланс."
100000003220685100,peripheral,0.15,5,0.405302,"Выраженных критериев ролей нет: отправителей 1, получателей 0; требуется проверка. Граница depth=4: исходящие обрезаны."
100000003221384100,terminal,0.790417,15,0.626284,"Наблюдаемый сток: вход 511,200.00 KZT; выход/вход=0.00; depth=2. Не полный баланс."
100000003221510100,peripheral,0.35,0,0.353484,"Выраженных критериев ролей нет: отправителей 1, получателей 2; требуется проверка."
100000003230328100,consolidator,0.7,6,0.367288,"Признаки сбора: 3 отправителей; вход 26,572.00 KZT; получателей 0. Граница depth=4: исходящие обрезаны."
100000003230329100,peripheral,0.15,2,0.251155,"Выраженных критериев ролей нет: отправителей 1, получателей 0; требуется проверка. Граница depth=4: исходящие обрезаны."
100000003232675100,peripheral,0.15,13,0.219386,"Выраженных критериев ролей нет: отправителей 1, получателей 0; требуется проверка. Граница depth=4: исходящие обрезаны."
100000003235780100,terminal,0.738218,0,0.432484,"Наблюдаемый сток: вход 65,000.00 KZT; выход/вход=0.00; depth=1. Не полный баланс."
100000003237045100,peripheral,0.35,4,0.365824,"Выраженных критериев ролей нет: отправителей 1, получателей 1; требуется проверка."
100000003239379100,terminal,0.74815,12,0.444812,"Наблюдаемый сток: вход 92,500.00 KZT; выход/вход=0.00; depth=1. Не полный баланс."
100000003239859100,terminal,0.69151,12,0.293668,"Наблюдаемый сток: вход 18,600.00 KZT; выход/вход=0.00; depth=1. Не полный баланс."
100000003241965100,terminal,0.683545,7,0.270032,"Наблюдаемый сток: вход 15,000.00 KZT; выход/вход=0.00; depth=3. Не полный баланс."
100000003242289100,distributor,0.974902,16,0.859098,"Признаки распределения: 23 получателей; выход 2,377,741.00 KZT; отправителей 3."
100000003242795100,terminal,0.754909,5,0.477543,"Наблюдаемый сток: вход 111,000.00 KZT; выход/вход=0.00; depth=3. Не полный баланс."
100000003246024100,peripheral,0.35,6,0.379726,"Выраженных критериев ролей нет: отправителей 1, получателей 1; требуется проверка."
100000003247600100,peripheral,0.15,3,0.234473,"Выраженных критериев ролей нет: отправителей 1, получателей 0; требуется проверка. Граница depth=4: исходящие обрезаны."
100000003249054100,consolidator,0.934947,3,0.678374,"Признаки сбора: 7 отправителей; вход 99,700.00 KZT; получателей 1."
100000003252446100,peripheral,0.15,2,0.225121,"Выраженных критериев ролей нет: отправителей 1, получателей 0; требуется проверка. Граница depth=4: исходящие обрезаны."
100000003254277100,transit,0.811093,0,0.494964,Признаки транзита: выход/вход=0.91; совместимо за 0–2 дня 91% входа.
100000003254723100,terminal,0.777597,3,0.623728,"Наблюдаемый сток: вход 269,850.00 KZT; выход/вход=0.00; depth=2. Не полный баланс."
100000003265158100,consolidator,0.910639,12,0.796365,"Признаки сбора: 3 отправителей; вход 146,100.40 KZT; получателей 2."
100000003265658100,peripheral,0.15,73,0.0,Нет межклиентских переводов в выборке; данных для содержательной роли недостаточно. Seed: входящие неполны.
100000003270419100,terminal,0.762049,13,0.537236,"Наблюдаемый сток: вход 150,000.00 KZT; выход/вход=0.00; depth=3. Не полный баланс."
100000003271151100,terminal,0.75767,6,0.45987,"Наблюдаемый сток: вход 127,294.00 KZT; выход/вход=0.00; depth=3. Не полный баланс."
100000003275398100,terminal,0.762612,25,0.538757,"Наблюдаемый сток: вход 300,000.00 KZT; выход/вход=0.07; depth=2. Не полный баланс."
100000003278020100,terminal,0.768332,0,0.496822,"Наблюдаемый сток: вход 190,000.00 KZT; выход/вход=0.00; depth=2. Не полный баланс."
100000003284932100,terminal,0.739583,3,0.506478,"Наблюдаемый сток: вход 69,925.00 KZT; выход/вход=0.00; depth=1. Не полный баланс."
100000003286537100,terminal,0.762906,2,0.51997,"Наблюдаемый сток: вход 153,000.00 KZT; выход/вход=0.00; depth=3. Не полный баланс."
100000003289281100,peripheral,0.15,0,0.203819,"Выраженных критериев ролей нет: отправителей 1, получателей 0; требуется проверка. Граница depth=4: исходящие обрезаны."
100000003289405100,terminal,0.783055,3,0.537123,"Наблюдаемый сток: вход 355,000.00 KZT; выход/вход=0.00; depth=2. Не полный баланс."
100000003292191100,terminal,0.755036,21,0.443504,"Наблюдаемый сток: вход 112,000.00 KZT; выход/вход=0.00; depth=3. Не полный баланс."
100000003292979100,terminal,0.727335,3,0.487166,"Наблюдаемый сток: вход 48,950.00 KZT; выход/вход=0.00; depth=2. Не полный баланс."
100000003293377100,terminal,0.729365,5,0.411408,"Наблюдаемый сток: вход 50,000.00 KZT; выход/вход=0.00; depth=3. Не полный баланс."
100000003299365100,transit,0.945,3,0.673961,Признаки транзита: выход/вход=1.00; совместимо за 0–2 дня 100% входа.
100000003321423100,terminal,0.751324,33,0.571723,"Наблюдаемый сток: вход 100,000.00 KZT; выход/вход=0.00; depth=2. Не полный баланс."
100000003321895100,peripheral,0.35,62,0.44354,"Выраженных критериев ролей нет: отправителей 1, получателей 2; требуется проверка."
100000003336565100,terminal,0.687289,1,0.284,"Наблюдаемый сток: вход 16,550.00 KZT; выход/вход=0.00; depth=2. Не полный баланс."
100000003338583100,terminal,0.697888,25,0.297557,"Наблюдаемый сток: вход 21,765.00 KZT; выход/вход=0.00; depth=3. Не полный баланс."
100000003345947100,peripheral,0.15,6,0.235687,"Выраженных критериев ролей нет: отправителей 1, получателей 0; требуется проверка. Граница depth=4: исходящие обрезаны."
100000003349739100,peripheral,0.15,74,0.0,Нет межклиентских переводов в выборке; данных для содержательной роли недостаточно. Seed: входящие неполны.
100000003360542100,peripheral,0.35,11,0.501173,"Выраженных критериев ролей нет: отправителей 2, получателей 2; требуется проверка."
100000003366154100,peripheral,0.35,3,0.542046,"Выраженных критериев ролей нет: отправителей 1, получателей 3; требуется проверка."
100000003366471100,terminal,0.765765,6,0.604892,"Наблюдаемый сток: вход 329,789.00 KZT; выход/вход=0.06; depth=3. Не полный баланс."
100000003370425100,peripheral,0.15,13,0.235558,"Выраженных критериев ролей нет: отправителей 1, получателей 0; требуется проверка. Граница depth=4: исходящие обрезаны."
100000003377795100,terminal,0.667457,10,0.236209,"Наблюдаемый сток: вход 7,000.00 KZT; выход/вход=0.00; depth=1. Не полный баланс."
100000003390036100,peripheral,0.35,11,0.592846,"Выраженных критериев ролей нет: отправителей 2, получателей 2; требуется проверка."
100000003404627100,consolidator,0.986576,40,0.775835,"Признаки сбора: 4 отправителей; вход 877,700.00 KZT; получателей 0."
100000003406094100,peripheral,0.35,4,0.426459,"Выраженных критериев ролей нет: отправителей 1, получателей 3; требуется проверка."
100000003447411100,peripheral,0.15,6,0.280766,"Выраженных критериев ролей нет: отправителей 1, получателей 0; требуется проверка. Граница depth=4: исходящие обрезаны."
100000003448713100,peripheral,0.15,6,0.273146,"Выраженных критериев ролей нет: отправителей 1, получателей 0; требуется проверка. Граница depth=4: исходящие обрезаны."
100000003449074100,terminal,0.673708,0,0.2515,"Наблюдаемый сток: вход 10,000.00 KZT; выход/вход=0.00; depth=1. Не полный баланс."
100000003457710100,peripheral,0.35,5,0.460101,"Выраженных критериев ролей нет: отправителей 1, получателей 1; требуется проверка."
100000003470579100,peripheral,0.15,27,0.32147,"Выраженных критериев ролей нет: отправителей 1, получателей 0; требуется проверка. Граница depth=4: исходящие обрезаны."
100000003476560100,terminal,0.729365,3,0.477533,"Наблюдаемый сток: вход 50,000.00 KZT; выход/вход=0.00; depth=1. Не полный баланс."
100000003481025100,peripheral,0.15,0,0.113058,"Выраженных критериев ролей нет: отправителей 1, получателей 0; требуется проверка. Граница depth=4: исходящие обрезаны."
100000003484058100,terminal,0.74041,14,0.501348,"Наблюдаемый сток: вход 110,000.00 KZT; выход/вход=0.05; depth=3. Не полный баланс."
100000003486846100,peripheral,0.15,4,0.174482,"Выраженных критериев ролей нет: отправителей 1, получателей 0; требуется проверка. Граница depth=4: исходящие обрезаны."
100000003486970100,terminal,0.762049,5,0.49848,"Наблюдаемый сток: вход 150,000.00 KZT; выход/вход=0.00; depth=3. Не полный баланс."
100000003497735100,terminal,0.757257,17,0.455972,"Наблюдаемый сток: вход 125,000.00 KZT; выход/вход=0.00; depth=3. Не полный баланс."
100000003500764100,peripheral,0.15,16,0.207014,"Выраженных критериев ролей нет: отправителей 1, получателей 0; требуется проверка. Граница depth=4: исходящие обрезаны."
100000003509750100,consolidator,0.885256,8,0.578571,"Признаки сбора: 3 отправителей; вход 82,290.00 KZT; получателей 3."
100000003528285100,consolidator,0.906987,3,0.750342,"Признаки сбора: 4 отправителей; вход 118,870.00 KZT; получателей 4."
100000003557488100,peripheral,0.35,31,0.457529,"Выраженных критериев ролей нет: отправителей 1, получателей 2; требуется проверка."
100000003561031100,peripheral,0.35,6,0.15039,"Выраженных критериев ролей нет: отправителей 1, получателей 1; требуется проверка."
100000003567087100,terminal,0.737044,1,0.41549,"Наблюдаемый сток: вход 62,115.00 KZT; выход/вход=0.00; depth=1. Не полный баланс."
100000003568904100,peripheral,0.15,13,0.235801,"Выраженных критериев ролей нет: отправителей 1, получателей 0; требуется проверка. Граница depth=4: исходящие обрезаны."
100000003574895100,peripheral,0.35,0,0.243112,"Выраженных критериев ролей нет: отправителей 1, получателей 1; требуется проверка."
100000003581109100,terminal,0.722257,0,0.370017,"Наблюдаемый сток: вход 42,750.00 KZT; выход/вход=0.00; depth=3. Не полный баланс."
100000003582677100,peripheral,0.35,3,0.359976,"Выраженных критериев ролей нет: отправителей 2, получателей 4; требуется проверка."
100000003589877100,distributor,0.905656,2,0.734586,"Признаки распределения: 6 получателей; выход 416,129.00 KZT; отправителей 2."
100000003594472100,terminal,0.694429,31,0.300157,"Наблюдаемый сток: вход 20,000.00 KZT; выход/вход=0.00; depth=3. Не полный баланс."
100000003603979100,terminal,0.764619,25,0.516827,"Наблюдаемый сток: вход 165,000.00 KZT; выход/вход=0.00; depth=2. Не полный баланс."
100000003610172100,terminal,0.740059,5,0.437761,"Наблюдаемый сток: вход 70,000.00 KZT; выход/вход=0.00; depth=3. Не полный баланс."
100000003616818100,consolidator,0.883964,25,0.607254,"Признаки сбора: 3 отправителей; вход 78,000.00 KZT; получателей 3."
100000003617552100,terminal,0.703758,29,0.374159,"Наблюдаемый сток: вход 25,000.00 KZT; выход/вход=0.00; depth=2. Не полный баланс."
100000003622955100,peripheral,0.15,11,0.172846,"Выраженных критериев ролей нет: отправителей 1, получателей 0; требуется проверка. Граница depth=4: исходящие обрезаны."
100000003626268100,peripheral,0.15,6,0.100995,"Выраженных критериев ролей нет: отправителей 1, получателей 0; требуется проверка. Граница depth=4: исходящие обрезаны."
100000003631015100,peripheral,0.15,41,0.308385,"Выраженных критериев ролей нет: отправителей 1, получателей 0; требуется проверка. Граница depth=4: исходящие обрезаны."
100000003632533100,peripheral,0.15,5,0.162513,"Выраженных критериев ролей нет: отправителей 1, получателей 0; требуется проверка. Граница depth=4: исходящие обрезаны."
100000003635170100,consolidator,0.914985,33,0.878571,"Признаки сбора: 3 отправителей; вход 268,500.00 KZT; получателей 4."
100000003635660100,terminal,0.691732,0,0.313783,"Наблюдаемый сток: вход 18,985.00 KZT; выход/вход=0.00; depth=3. Не полный баланс."
100000003636627100,peripheral,0.35,8,0.291126,"Выраженных критериев ролей нет: отправителей 1, получателей 1; требуется проверка."
100000003646145100,peripheral,0.15,32,0.108813,"Выраженных критериев ролей нет: отправителей 1, получателей 0; требуется проверка. Граница depth=4: исходящие обрезаны."
100000003647799100,terminal,0.751324,5,0.468655,"Наблюдаемый сток: вход 100,000.00 KZT; выход/вход=0.00; depth=3. Не полный баланс."
100000003650146100,terminal,0.681958,4,0.310274,"Наблюдаемый сток: вход 14,400.00 KZT; выход/вход=0.00; depth=3. Не полный баланс."
100000003664994100,peripheral,0.15,42,0.304134,"Выраженных критериев ролей нет: отправителей 1, получателей 0; требуется проверка. Граница depth=4: исходящие обрезаны."
100000003671721100,terminal,0.661809,7,0.285786,"Наблюдаемый сток: вход 5,000.00 KZT; выход/вход=0.00; depth=3. Не полный баланс."
100000003677936100,peripheral,0.35,10,0.288034,"Выраженных критериев ролей нет: отправителей 1, получателей 1; требуется проверка."
100000003684369100,coordinator,0.989615,3,0.991214,Структурный посредник: betweenness=0.002303; внешних кластеров 9; достижим от 6 seed. Seed: входящие неполны.
100000003692843100,peripheral,0.15,62,0.332125,"Выраженных критериев ролей нет: отправителей 1, получателей 0; требуется проверка. Граница depth=4: исходящие обрезаны."
100000003696422100,peripheral,0.15,31,0.272152,"Выраженных критериев ролей нет: отправителей 1, получателей 0; требуется проверка. Граница depth=4: исходящие обрезаны."
100000003701161100,consolidator,0.957289,23,0.865528,"Признаки сбора: 4 отправителей; вход 1,527,103.00 KZT; получателей 3."
100000003711830100,terminal,0.729365,6,0.37883,"Наблюдаемый сток: вход 50,000.00 KZT; выход/вход=0.00; depth=3. Не полный баланс."
100000003713616100,terminal,0.685956,4,0.305046,"Наблюдаемый сток: вход 15,893.00 KZT; выход/вход=0.00; depth=1. Не полный баланс."
100000003718221100,peripheral,0.35,23,0.524844,"Выраженных критериев ролей нет: отправителей 2, получателей 4; требуется проверка."
100000003718715100,peripheral,0.15,13,0.352957,"Выраженных критериев ролей нет: отправителей 1, получателей 0; требуется проверка. Граница depth=4: исходящие обрезаны."
100000003724440100,terminal,0.729365,3,0.480741,"Наблюдаемый сток: вход 50,000.00 KZT; выход/вход=0.00; depth=2. Не полный баланс."
100000003736419100,peripheral,0.35,0,0.234105,"Выраженных критериев ролей нет: отправителей 1, получателей 1; требуется проверка."
100000003739818100,terminal,0.735014,3,0.492432,"Наблюдаемый сток: вход 57,293.00 KZT; выход/вход=0.00; depth=1. Не полный баланс."
100000003741418100,consolidator,0.940282,5,0.729139,"Признаки сбора: 9 отправителей; вход 151,900.00 KZT; получателей 3."
100000003747133100,consolidator,0.946069,47,0.776021,"Признаки сбора: 5 отправителей; вход 237,068.00 KZT; получателей 2."
100000003760160100,terminal,0.753164,5,0.473305,"Наблюдаемый сток: вход 104,470.00 KZT; выход/вход=0.00; depth=3. Не полный баланс."
100000003770083100,peripheral,0.15,75,0.0,Нет межклиентских переводов в выборке; данных для содержательной роли недостаточно. Seed: входящие неполны.
100000003781406100,terminal,0.723876,12,0.449038,"Наблюдаемый сток: вход 45,000.00 KZT; выход/вход=0.00; depth=3. Не полный баланс."
100000003782913100,peripheral,0.15,14,0.25537,"Выраженных критериев ролей нет: отправителей 1, получателей 0; требуется проверка. Граница depth=4: исходящие обрезаны."
100000003786516100,peripheral,0.15,0,0.107843,"Выраженных критериев ролей нет: отправителей 1, получателей 0; требуется проверка. Граница depth=4: исходящие обрезаны."
100000003792647100,peripheral,0.15,5,0.153642,"Выраженных критериев ролей нет: отправителей 1, получателей 0; требуется проверка. Граница depth=4: исходящие обрезаны."
100000003795588100,terminal,0.785435,0,0.53388,"Наблюдаемый сток: вход 400,000.00 KZT; выход/вход=0.00; depth=3. Не полный баланс."
100000003796063100,distributor,0.958299,5,0.792801,"Признаки распределения: 15 получателей; выход 959,150.00 KZT; отправителей 1."
100000003798151100,terminal,0.782706,4,0.55954,"Наблюдаемый сток: вход 350,000.00 KZT; выход/вход=0.00; depth=2. Не полный баланс."
100000003809101100,peripheral,0.35,11,0.571812,"Выраженных критериев ролей нет: отправителей 2, получателей 2; требуется проверка."
100000003814002100,terminal,0.711215,5,0.369143,"Наблюдаемый сток: вход 30,000.00 KZT; выход/вход=0.00; depth=3. Не полный баланс."
100000003819173100,peripheral,0.15,6,0.230824,"Выраженных критериев ролей нет: отправителей 1, получателей 0; требуется проверка. Граница depth=4: исходящие обрезаны."
100000003823811100,peripheral,0.35,19,0.455971,"Выраженных критериев ролей нет: отправителей 1, получателей 3; требуется проверка."
100000003824464100,terminal,0.770331,23,0.500888,"Наблюдаемый сток: вход 200,000.00 KZT; выход/вход=0.00; depth=2. Не полный баланс."
100000003831201100,terminal,0.721147,0,0.438573,"Наблюдаемый сток: вход 40,500.00 KZT; выход/вход=0.00; depth=2. Не полный баланс."
100000003831324100,terminal,0.779946,10,0.586226,"Наблюдаемый сток: вход 300,000.00 KZT; выход/вход=0.00; depth=1. Не полный баланс."
100000003832231100,terminal,0.716419,3,0.442866,"Наблюдаемый сток: вход 35,000.00 KZT; выход/вход=0.00; depth=1. Не полный баланс."
100000003834495100,consolidator,0.955411,0,0.680399,"Признаки сбора: 3 отправителей; вход 602,441.00 KZT; получателей 1."
100000003835149100,peripheral,0.35,24,0.445873,"Выраженных критериев ролей нет: отправителей 1, получателей 2; требуется проверка."
100000003838587100,peripheral,0.15,14,0.110441,"Выраженных критериев ролей нет: отправителей 1, получателей 0; требуется проверка. Граница depth=4: исходящие обрезаны."
100000003843844100,peripheral,0.35,13,0.389368,"Выраженных критериев ролей нет: отправителей 1, получателей 1; требуется проверка."
100000003854444100,distributor,0.97,17,0.801774,"Признаки распределения: 14 получателей; выход 2,322,909.00 KZT; отправителей 1."
100000003865939100,terminal,0.744343,69,0.469309,"Наблюдаемый сток: вход 81,465.00 KZT; выход/вход=0.00; depth=1. Не полный баланс."
100000003873332100,peripheral,0.35,17,0.457832,"Выраженных критериев ролей нет: отправителей 1, получателей 4; требуется проверка."
100000003877908100,terminal,0.720354,3,0.454114,"Наблюдаемый сток: вход 40,000.00 KZT; выход/вход=0.00; depth=1. Не полный баланс."
100000003880331100,distributor,0.977234,6,0.771618,"Признаки распределения: 16 получателей; выход 3,904,908.00 KZT; отправителей 1."
100000003886323100,terminal,0.718072,4,0.558903,"Наблюдаемый сток: вход 78,168.00 KZT; выход/вход=0.10; depth=1. Не полный баланс."
100000003888197100,terminal,0.744977,5,0.449971,"Наблюдаемый сток: вход 83,167.00 KZT; выход/вход=0.00; depth=3. Не полный баланс."
100000003888271100,peripheral,0.35,44,0.186861,"Выраженных критериев ролей нет: отправителей 1, получателей 2; требуется проверка."
100000003888527100,terminal,0.711215,42,0.368674,"Наблюдаемый сток: вход 30,000.00 KZT; выход/вход=0.00; depth=3. Не полный баланс."
100000003896956100,peripheral,0.35,4,0.230091,"Выраженных критериев ролей нет: отправителей 1, получателей 1; требуется проверка."
100000003899325100,terminal,0.730571,6,0.382519,"Наблюдаемый сток: вход 50,120.00 KZT; выход/вход=0.00; depth=3. Не полный баланс."
100000003899899100,terminal,0.760526,4,0.616998,"Наблюдаемый сток: вход 218,500.00 KZT; выход/вход=0.05; depth=3. Не полный баланс."
100000003900547100,terminal,0.700997,4,0.338666,"Наблюдаемый сток: вход 23,700.00 KZT; выход/вход=0.00; depth=1. Не полный баланс."
100000003904497100,peripheral,0.15,2,0.127639,"Выраженных критериев ролей нет: отправителей 1, получателей 0; требуется проверка. Граница depth=4: исходящие обрезаны."
100000003917461100,peripheral,0.35,12,0.395844,"Выраженных критериев ролей нет: отправителей 1, получателей 2; требуется проверка."
100000003920950100,terminal,0.781215,10,0.534949,"Наблюдаемый сток: вход 323,290.00 KZT; выход/вход=0.00; depth=3. Не полный баланс."
100000003922499100,terminal,0.729365,12,0.42883,"Наблюдаемый сток: вход 50,000.00 KZT; выход/вход=0.00; depth=2. Не полный баланс."
100000003923946100,peripheral,0.35,8,0.446904,"Выраженных критериев ролей нет: отправителей 1, получателей 4; требуется проверка."
100000003927792100,terminal,0.680181,15,0.319578,"Наблюдаемый сток: вход 13,067.00 KZT; выход/вход=0.00; depth=2. Не полный баланс."
100000003934614100,peripheral,0.35,34,0.1725,"Выраженных критериев ролей нет: отправителей 2, получателей 1; требуется проверка."
100000003942602100,transit,0.945,1,0.453843,Признаки транзита: выход/вход=1.00; совместимо за 0–2 дня 100% входа.
100000003943247100,terminal,0.720354,0,0.365563,"Наблюдаемый сток: вход 40,000.00 KZT; выход/вход=0.00; depth=3. Не полный баланс."
100000003943483100,terminal,0.673708,12,0.315035,"Наблюдаемый сток: вход 10,000.00 KZT; выход/вход=0.00; depth=2. Не полный баланс."
100000003946524100,transit,0.666994,3,0.711571,Признаки транзита: выход/вход=1.08; совместимо за 0–2 дня 0% входа.
100000003950749100,peripheral,0.15,4,0.099401,"Выраженных критериев ролей нет: отправителей 1, получателей 0; требуется проверка. Граница depth=4: исходящие обрезаны."
100000003951827100,peripheral,0.35,0,0.168255,"Выраженных критериев ролей нет: отправителей 1, получателей 2; требуется проверка."
100000003962994100,terminal,0.673708,38,0.299091,"Наблюдаемый сток: вход 10,000.00 KZT; выход/вход=0.00; depth=3. Не полный баланс."
100000003964910100,terminal,0.796224,16,0.587941,"Наблюдаемый сток: вход 1,000,000.00 KZT; выход/вход=0.00; depth=3. Не полный баланс."
100000003968044100,peripheral,0.35,6,0.450308,"Выраженных критериев ролей нет: отправителей 1, получателей 3; требуется проверка."
100000003970394100,terminal,0.745549,12,0.436253,"Наблюдаемый сток: вход 85,000.00 KZT; выход/вход=0.00; depth=1. Не полный баланс."
100000003971049100,terminal,0.734506,0,0.420881,"Наблюдаемый сток: вход 55,900.00 KZT; выход/вход=0.00; depth=2. Не полный баланс."
100000003975102100,peripheral,0.35,4,0.354381,"Выраженных критериев ролей нет: отправителей 1, получателей 2; требуется проверка. Seed: входящие неполны."
100000003977183100,peripheral,0.35,8,0.434143,"Выраженных критериев ролей нет: отправителей 2, получателей 4; требуется проверка. Seed: входящие неполны."
100000003980083100,terminal,0.711215,68,0.395414,"Наблюдаемый сток: вход 30,000.00 KZT; выход/вход=0.00; depth=1. Не полный баланс."
100000003985389100,peripheral,0.15,6,0.371185,"Выраженных критериев ролей нет: отправителей 1, получателей 0; требуется проверка. Граница depth=4: исходящие обрезаны."
100000003986141100,terminal,0.663998,16,0.216549,"Наблюдаемый сток: вход 5,286.32 KZT; выход/вход=0.00; depth=3. Не полный баланс."
100000003988112100,peripheral,0.35,19,0.369997,"Выраженных критериев ролей нет: отправителей 1, получателей 1; требуется проверка."
100000003989033100,peripheral,0.15,9,0.324379,"Выраженных критериев ролей нет: отправителей 1, получателей 0; требуется проверка. Граница depth=4: исходящие обрезаны."
100000003996562100,terminal,0.668377,0,0.272219,"Наблюдаемый сток: вход 7,700.00 KZT; выход/вход=0.00; depth=3. Не полный баланс."
100000004004621100,consolidator,0.920308,13,0.58602,"Признаки сбора: 3 отправителей; вход 75,389.00 KZT; получателей 0."
100000004005964100,consolidator,0.890934,25,0.553062,"Признаки сбора: 3 отправителей; вход 97,900.00 KZT; получателей 3."
100000004006327100,peripheral,0.15,2,0.312825,"Выраженных критериев ролей нет: отправителей 1, получателей 0; требуется проверка. Граница depth=4: исходящие обрезаны."
100000004007116100,consolidator,0.933412,25,0.652087,"Признаки сбора: 3 отправителей; вход 764,704.00 KZT; получателей 4. Seed: входящие неполны."
100000004007197100,terminal,0.675993,25,0.242116,"Наблюдаемый сток: вход 10,048.00 KZT; выход/вход=0.00; depth=3. Не полный баланс."
100000004013952100,peripheral,0.15,0,0.105607,"Выраженных критериев ролей нет: отправителей 1, получателей 0; требуется проверка. Граница depth=4: исходящие обрезаны."
100000004015047100,consolidator,0.987094,8,0.859639,"Признаки сбора: 9 отправителей; вход 919,104.00 KZT; получателей 1."
100000004017410100,distributor,0.915621,34,0.739206,"Признаки распределения: 5 получателей; выход 1,330,915.00 KZT; отправителей 2."
100000004019056100,peripheral,0.15,13,0.240982,"Выраженных критериев ролей нет: отправителей 1, получателей 0; требуется проверка. Граница depth=4: исходящие обрезаны."
100000004019124100,consolidator,0.948799,4,0.731312,"Признаки сбора: 3 отправителей; вход 193,000.00 KZT; получателей 0. Seed: входящие неполны."
100000004021459100,peripheral,0.15,76,0.0,Нет межклиентских переводов в выборке; данных для содержательной роли недостаточно. Seed: входящие неполны.
100000004030553100,peripheral,0.15,20,0.232703,"Выраженных критериев ролей нет: отправителей 1, получателей 0; требуется проверка. Граница depth=4: исходящие обрезаны."
100000004035925100,peripheral,0.15,64,0.346967,"Выраженных критериев ролей нет: отправителей 1, получателей 0; требуется проверка. Граница depth=4: исходящие обрезаны."
100000004041163100,peripheral,0.35,19,0.642109,"Выраженных критериев ролей нет: отправителей 1, получателей 2; требуется проверка. Seed: входящие неполны."
100000004041294100,peripheral,0.15,26,0.112643,"Выраженных критериев ролей нет: отправителей 1, получателей 0; требуется проверка. Граница depth=4: исходящие обрезаны."
100000004047887100,peripheral,0.15,39,0.172897,"Выраженных критериев ролей нет: отправителей 1, получателей 0; требуется проверка. Граница depth=4: исходящие обрезаны."
100000004049912100,peripheral,0.15,17,0.098548,"Выраженных критериев ролей нет: отправителей 1, получателей 0; требуется проверка. Граница depth=4: исходящие обрезаны."
100000004058740100,terminal,0.711215,1,0.34506,"Наблюдаемый сток: вход 30,000.00 KZT; выход/вход=0.00; depth=1. Не полный баланс."
100000004064431100,peripheral,0.35,25,0.176146,"Выраженных критериев ролей нет: отправителей 1, получателей 1; требуется проверка."
100000004066370100,peripheral,0.15,37,0.235355,"Выраженных критериев ролей нет: отправителей 1, получателей 0; требуется проверка. Граница depth=4: исходящие обрезаны."
100000004066647100,terminal,0.731206,17,0.379974,"Наблюдаемый сток: вход 51,000.00 KZT; выход/вход=0.00; depth=3. Не полный баланс."
100000004070318100,distributor,0.945638,0,0.793808,"Признаки распределения: 19 получателей; выход 551,860.00 KZT; отправителей 4."
100000004070530100,peripheral,0.15,39,0.142567,"Выраженных критериев ролей нет: отправителей 1, получателей 0; требуется проверка. Граница depth=4: исходящие обрезаны."
100000004071070100,peripheral,0.35,0,0.280558,"Выраженных критериев ролей нет: отправителей 2, получателей 1; требуется проверка."
100000004071080100,consolidator,0.958179,0,0.723701,"Признаки сбора: 9 отправителей; вход 238,600.00 KZT; получателей 2."
100000004071444100,peripheral,0.35,0,0.367832,"Выраженных критериев ролей нет: отправителей 1, получателей 1; требуется проверка."
100000004076740100,consolidator,0.876836,34,0.719899,"Признаки сбора: 3 отправителей; вход 93,250.00 KZT; получателей 6."
100000004077081100,peripheral,0.35,3,0.507848,"Выраженных критериев ролей нет: отправителей 1, получателей 4; требуется проверка."
100000004094958100,transit,0.909744,49,0.501704,Признаки транзита: выход/вход=1.03; совместимо за 0–2 дня 100% входа.
100000004096559100,terminal,0.724859,10,0.42602,"Наблюдаемый сток: вход 46,200.00 KZT; выход/вход=0.00; depth=3. Не полный баланс."
100000004097972100,terminal,0.734466,0,0.57411,"Наблюдаемый сток: вход 118,878.00 KZT; выход/вход=0.08; depth=3. Не полный баланс."
100000004099450100,terminal,0.713024,0,0.342465,"Наблюдаемый сток: вход 31,000.00 KZT; выход/вход=0.00; depth=3. Не полный баланс."
100000004105288100,terminal,0.772076,3,0.64384,"Наблюдаемый сток: вход 215,000.00 KZT; выход/вход=0.00; depth=1. Не полный баланс."
100000004107228100,peripheral,0.15,3,0.07097,"Выраженных критериев ролей нет: отправителей 1, получателей 0; требуется проверка. Граница depth=4: исходящие обрезаны."
100000004114962100,terminal,0.764619,5,0.571159,"Наблюдаемый сток: вход 165,000.00 KZT; выход/вход=0.00; depth=3. Не полный баланс."
100000004130144100,terminal,0.770331,10,0.491412,"Наблюдаемый сток: вход 200,000.00 KZT; выход/вход=0.00; depth=1. Не полный баланс."
100000004134060100,terminal,0.7465,20,0.530449,"Наблюдаемый сток: вход 88,179.00 KZT; выход/вход=0.00; depth=2. Не полный баланс."
100000004135268100,transit,0.67455,52,0.620608,Признаки транзита: выход/вход=0.81; совместимо за 0–2 дня 69% входа.
100000004140487100,distributor,0.919929,3,0.658624,"Признаки распределения: 10 получателей; выход 262,600.00 KZT; отправителей 1."
100000004140994100,terminal,0.691605,1,0.278001,"Наблюдаемый сток: вход 18,650.00 KZT; выход/вход=0.00; depth=3. Не полный баланс."
100000004144536100,consolidator,0.954074,25,0.581947,"Признаки сбора: 4 отправителей; вход 168,000.00 KZT; получателей 0."
100000004150593100,distributor,0.949478,4,0.793498,"Признаки распределения: 11 получателей; выход 871,165.00 KZT; отправителей 1."
100000004156082100,distributor,0.972395,15,0.918642,"Признаки распределения: 26 получателей; выход 2,319,556.00 KZT; отправителей 5."
100000004158362100,terminal,0.67796,0,0.292331,"Наблюдаемый сток: вход 12,000.00 KZT; выход/вход=0.00; depth=2. Не полный баланс."
100000004159526100,consolidator,0.930173,14,0.788184,"Признаки сбора: 4 отправителей; вход 275,037.00 KZT; получателей 4."
100000004160650100,distributor,0.950126,25,0.660784,"Признаки распределения: 10 получателей; выход 1,489,827.00 KZT; отправителей 2."
100000004167082100,peripheral,0.15,13,0.144513,"Выраженных критериев ролей нет: отправителей 1, получателей 0; требуется проверка. Граница depth=4: исходящие обрезаны."
100000004174835100,peripheral,0.15,77,0.0,Нет межклиентских переводов в выборке; данных для содержательной роли недостаточно. Seed: входящие неполны.
100000004177936100,peripheral,0.15,6,0.101368,"Выраженных критериев ролей нет: отправителей 1, получателей 0; требуется проверка. Граница depth=4: исходящие обрезаны."
100000004180097100,consolidator,0.894436,0,0.701917,"Признаки сбора: 3 отправителей; вход 104,854.00 KZT; получателей 3."
100000004183610100,peripheral,0.35,13,0.462413,"Выраженных критериев ролей нет: отправителей 1, получателей 1; требуется проверка."
100000004184158100,terminal,0.771315,0,0.486428,"Наблюдаемый сток: вход 203,805.00 KZT; выход/вход=0.00; depth=3. Не полный баланс."
100000004185681100,terminal,0.673708,3,0.304168,"Наблюдаемый сток: вход 10,000.00 KZT; выход/вход=0.00; depth=3. Не полный баланс."
100000004186824100,terminal,0.783595,4,0.619418,"Наблюдаемый сток: вход 451,700.00 KZT; выход/вход=0.02; depth=1. Не полный баланс."
100000004188160100,coordinator,0.880195,4,0.737979,Структурный посредник: betweenness=0.00246; внешних кластеров 2; достижим от 3 seed.
100000004192107100,terminal,0.703758,3,0.359162,"Наблюдаемый сток: вход 25,000.00 KZT; выход/вход=0.00; depth=2. Не полный баланс."
100000004192865100,terminal,0.738885,29,0.453978,"Наблюдаемый сток: вход 66,666.00 KZT; выход/вход=0.00; depth=2. Не полный баланс."
100000004193835100,peripheral,0.35,4,0.373568,"Выраженных критериев ролей нет: отправителей 1, получателей 1; требуется проверка. Seed: входящие неполны."
100000004200745100,peripheral,0.15,12,0.29863,"Выраженных критериев ролей нет: отправителей 1, получателей 0; требуется проверка. Граница depth=4: исходящие обрезаны."
100000004206046100,terminal,0.677199,4,0.285008,"Наблюдаемый сток: вход 11,075.00 KZT; выход/вход=0.00; depth=1. Не полный баланс."
100000004209339100,peripheral,0.35,33,0.529497,"Выраженных критериев ролей нет: отправителей 1, получателей 2; требуется проверка."
100000004213658100,terminal,0.705059,1,0.328889,"Наблюдаемый сток: вход 25,347.00 KZT; выход/вход=0.00; depth=1. Не полный баланс."
100000004217419100,terminal,0.739209,6,0.576623,"Наблюдаемый сток: вход 118,200.00 KZT; выход/вход=0.07; depth=3. Не полный баланс."
100000004218576100,terminal,0.706043,1,0.331139,"Наблюдаемый сток: вход 26,144.00 KZT; выход/вход=0.00; depth=1. Не полный баланс."
100000004221668100,consolidator,0.956133,8,0.694396,"Признаки сбора: 4 отправителей; вход 1,128,300.00 KZT; получателей 3."
100000004222274100,peripheral,0.15,0,0.139584,"Выраженных критериев ролей нет: отправителей 1, получателей 0; требуется проверка. Граница depth=4: исходящие обрезаны."
100000004225615100,terminal,0.747167,2,0.422579,"Наблюдаемый сток: вход 90,000.00 KZT; выход/вход=0.00; depth=2. Не полный баланс."
100000004226848100,terminal,0.780453,3,0.624807,"Наблюдаемый сток: вход 301,866.00 KZT; выход/вход=0.00; depth=1. Не полный баланс."
100000004232712100,peripheral,0.15,5,0.176567,"Выраженных критериев ролей нет: отправителей 1, получателей 0; требуется проверка. Граница depth=4: исходящие обрезаны."
100000004235471100,peripheral,0.15,5,0.320229,"Выраженных критериев ролей нет: отправителей 1, получателей 0; требуется проверка. Граница depth=4: исходящие обрезаны."
100000004241142100,peripheral,0.15,0,0.199777,"Выраженных критериев ролей нет: отправителей 1, получателей 0; требуется проверка. Граница depth=4: исходящие обрезаны."
100000004254434100,terminal,0.723083,1,0.378952,"Наблюдаемый сток: вход 44,445.00 KZT; выход/вход=0.00; depth=1. Не полный баланс."
100000004257714100,terminal,0.731967,1,0.38103,"Наблюдаемый сток: вход 52,220.00 KZT; выход/вход=0.00; depth=3. Не полный баланс."
100000004260869100,peripheral,0.15,4,0.128641,"Выраженных критериев ролей нет: отправителей 1, получателей 0; требуется проверка. Граница depth=4: исходящие обрезаны."
100000004261340100,peripheral,0.15,0,0.220416,"Выраженных критериев ролей нет: отправителей 1, получателей 0; требуется проверка. Граница depth=4: исходящие обрезаны."
100000004263867100,peripheral,0.15,18,0.063099,"Выраженных критериев ролей нет: отправителей 1, получателей 0; требуется проверка. Граница depth=4: исходящие обрезаны."
100000004265639100,peripheral,0.15,6,0.122001,"Выраженных критериев ролей нет: отправителей 1, получателей 0; требуется проверка. Граница depth=4: исходящие обрезаны."
100000004268036100,peripheral,0.15,18,0.04874,"Выраженных критериев ролей нет: отправителей 1, получателей 0; требуется проверка. Граница depth=4: исходящие обрезаны."
100000004269433100,peripheral,0.35,15,0.343849,"Выраженных критериев ролей нет: отправителей 0, получателей 1; требуется проверка. Seed: входящие неполны."
100000004272302100,peripheral,0.15,47,0.059387,"Выраженных критериев ролей нет: отправителей 1, получателей 0; требуется проверка. Граница depth=4: исходящие обрезаны."
100000004278574100,peripheral,0.35,5,0.252325,"Выраженных критериев ролей нет: отправителей 1, получателей 1; требуется проверка."
100000004285800100,peripheral,0.35,0,0.244306,"Выраженных критериев ролей нет: отправителей 1, получателей 1; требуется проверка."
100000004286573100,terminal,0.687353,12,0.284195,"Наблюдаемый сток: вход 16,590.00 KZT; выход/вход=0.00; depth=1. Не полный баланс."
100000004291560100,terminal,0.726224,0,0.380211,"Наблюдаемый сток: вход 47,190.00 KZT; выход/вход=0.00; depth=3. Не полный баланс."
100000004291663100,peripheral,0.15,0,0.166911,"Выраженных критериев ролей нет: отправителей 1, получателей 0; требуется проверка. Граница depth=4: исходящие обрезаны."
100000004292885100,terminal,0.755131,1,0.447871,"Наблюдаемый сток: вход 112,700.00 KZT; выход/вход=0.00; depth=3. Не полный баланс."
100000004299488100,consolidator,0.97619,0,0.80644,"Признаки сбора: 6 отправителей; вход 1,749,000.00 KZT; получателей 2."
100000004315838100,peripheral,0.35,3,0.415094,"Выраженных критериев ролей нет: отправителей 2, получателей 1; требуется проверка."
100000004318918100,terminal,0.742566,11,0.536975,"Наблюдаемый сток: вход 75,600.00 KZT; выход/вход=0.00; depth=1. Не полный баланс."
100000004321983100,peripheral,0.35,8,0.231248,"Выраженных критериев ролей нет: отправителей 1, получателей 2; требуется проверка."
100000004325327100,transit,0.893179,0,0.61462,Признаки транзита: выход/вход=0.99; совместимо за 0–2 дня 67% входа.
100000004326224100,peripheral,0.15,5,0.277601,"Выраженных критериев ролей нет: отправителей 1, получателей 0; требуется проверка. Граница depth=4: исходящие обрезаны."
100000004330371100,peripheral,0.35,4,0.555683,"Выраженных критериев ролей нет: отправителей 2, получателей 2; требуется проверка."
100000004331458100,terminal,0.775916,49,0.551079,"Наблюдаемый сток: вход 250,000.00 KZT; выход/вход=0.00; depth=2. Не полный баланс."
100000004336228100,terminal,0.731523,6,0.383769,"Наблюдаемый сток: вход 51,407.00 KZT; выход/вход=0.00; depth=3. Не полный баланс."
100000004336312100,consolidator,0.895884,34,0.636951,"Признаки сбора: 3 отправителей; вход 90,415.00 KZT; получателей 2."
100000004340038100,peripheral,0.35,13,0.296178,"Выраженных критериев ролей нет: отправителей 1, получателей 1; требуется проверка."
100000004350094100,peripheral,0.15,17,0.163706,"Выраженных критериев ролей нет: отправителей 1, получателей 0; требуется проверка. Граница depth=4: исходящие обрезаны."
100000004351795100,distributor,0.957874,0,0.843628,"Признаки распределения: 14 получателей; выход 1,715,161.00 KZT; отправителей 3."
100000004356593100,peripheral,0.35,3,0.286002,"Выраженных критериев ролей нет: отправителей 1, получателей 1; требуется проверка."
100000004358004100,distributor,0.957673,3,0.576538,"Признаки распределения: 11 получателей; выход 980,850.00 KZT; отправителей 0. Seed: входящие неполны."
100000004360785100,terminal,0.749039,4,0.467898,"Наблюдаемый сток: вход 94,705.00 KZT; выход/вход=0.00; depth=1. Не полный баланс."
100000004368189100,terminal,0.765324,9,0.573357,"Наблюдаемый сток: вход 384,600.00 KZT; выход/вход=0.07; depth=3. Не полный баланс."
100000004377043100,peripheral,0.15,28,0.09329,"Выраженных критериев ролей нет: отправителей 1, получателей 0; требуется проверка. Граница depth=4: исходящие обрезаны."
100000004379306100,peripheral,0.15,6,0.134866,"Выраженных критериев ролей нет: отправителей 1, получателей 0; требуется проверка. Граница depth=4: исходящие обрезаны."
100000004386258100,consolidator,0.876893,12,0.69543,"Признаки сбора: 3 отправителей; вход 61,700.00 KZT; получателей 3."
100000004386286100,peripheral,0.15,12,0.158328,"Выраженных критериев ролей нет: отправителей 1, получателей 0; требуется проверка. Граница depth=4: исходящие обрезаны."
100000004386331100,transit,0.594375,12,0.4628,Признаки транзита: выход/вход=0.88; совместимо за 0–2 дня 0% входа.
100000004388209100,terminal,0.677579,1,0.261346,"Наблюдаемый сток: вход 11,800.00 KZT; выход/вход=0.00; depth=1. Не полный баланс."
100000004388353100,terminal,0.737235,11,0.550257,"Наблюдаемый сток: вход 62,960.00 KZT; выход/вход=0.00; depth=1. Не полный баланс."
100000004388983100,peripheral,0.35,65,0.313163,"Выраженных критериев ролей нет: отправителей 0, получателей 2; требуется проверка. Seed: входящие неполны."
100000004390333100,distributor,0.928006,0,0.739364,"Признаки распределения: 9 получателей; выход 506,500.00 KZT; отправителей 2."
100000004394765100,consolidator,0.944229,4,0.788573,"Признаки сбора: 3 отправителей; вход 603,844.00 KZT; получателей 2."
100000004398811100,peripheral,0.35,3,0.40749,"Выраженных критериев ролей нет: отправителей 1, получателей 3; требуется проверка."
100000004399686100,terminal,0.795113,24,0.589828,"Наблюдаемый сток: вход 806,000.00 KZT; выход/вход=0.00; depth=3. Не полный баланс."
100000004400305100,distributor,0.991616,0,0.841816,"Признаки распределения: 82 получателей; выход 5,830,181.00 KZT; отправителей 7."
100000004400361100,terminal,0.673708,4,0.324945,"Наблюдаемый сток: вход 10,000.00 KZT; выход/вход=0.00; depth=2. Не полный баланс."
100000004400480100,peripheral,0.15,9,0.155184,"Выраженных критериев ролей нет: отправителей 1, получателей 0; требуется проверка. Граница depth=4: исходящие обрезаны."
100000004403548100,peripheral,0.15,6,0.08975,"Выраженных критериев ролей нет: отправителей 1, получателей 0; требуется проверка. Граница depth=4: исходящие обрезаны."
100000004403641100,peripheral,0.15,9,0.249506,"Выраженных критериев ролей нет: отправителей 1, получателей 0; требуется проверка. Граница depth=4: исходящие обрезаны."
100000004403675100,coordinator,0.963118,19,0.846665,Структурный посредник: betweenness=0.002788; внешних кластеров 4; достижим от 3 seed.
100000004407753100,peripheral,0.35,28,0.365051,"Выраженных критериев ролей нет: отправителей 1, получателей 1; требуется проверка."
100000004408683100,terminal,0.755322,4,0.514613,"Наблюдаемый сток: вход 112,919.68 KZT; выход/вход=0.00; depth=1. Не полный баланс."
100000004410489100,terminal,0.733364,3,0.43802,"Наблюдаемый сток: вход 54,000.00 KZT; выход/вход=0.00; depth=2. Не полный баланс."
100000004417753100,terminal,0.768649,3,0.533127,"Наблюдаемый сток: вход 192,099.00 KZT; выход/вход=0.00; depth=3. Не полный баланс."
100000004418967100,peripheral,0.15,2,0.25003,"Выраженных критериев ролей нет: отправителей 1, получателей 0; требуется проверка. Граница depth=4: исходящие обрезаны."
100000004420041100,distributor,0.930935,12,0.708685,"Признаки распределения: 7 получателей; выход 651,830.00 KZT; отправителей 1."
100000004424023100,peripheral,0.35,9,0.507589,"Выраженных критериев ролей нет: отправителей 1, получателей 1; требуется проверка."
100000004433250100,peripheral,0.15,0,0.107665,"Выраженных критериев ролей нет: отправителей 1, получателей 0; требуется проверка. Граница depth=4: исходящие обрезаны."
100000004435304100,terminal,0.706804,1,0.330644,"Наблюдаемый сток: вход 26,200.00 KZT; выход/вход=0.00; depth=2. Не полный баланс."
100000004441291100,terminal,0.694429,3,0.438737,"Наблюдаемый сток: вход 20,000.00 KZT; выход/вход=0.00; depth=2. Не полный баланс."
100000004445291100,terminal,0.692461,26,0.3181,"Наблюдаемый сток: вход 19,500.00 KZT; выход/вход=0.00; depth=3. Не полный баланс."
100000004449824100,peripheral,0.15,18,0.063099,"Выраженных критериев ролей нет: отправителей 1, получателей 0; требуется проверка. Граница depth=4: исходящие обрезаны."
100000004450649100,peripheral,0.35,5,0.48094,"Выраженных критериев ролей нет: отправителей 2, получателей 2; требуется проверка."
100000004451012100,peripheral,0.35,17,0.380476,"Выраженных критериев ролей нет: отправителей 1, получателей 3; требуется проверка."
100000004456564100,terminal,0.673708,14,0.353962,"Наблюдаемый сток: вход 10,000.00 KZT; выход/вход=0.00; depth=2. Не полный баланс."
100000004463277100,terminal,0.716419,29,0.407966,"Наблюдаемый сток: вход 35,000.00 KZT; выход/вход=0.00; depth=2. Не полный баланс."
100000004467157100,peripheral,0.35,34,0.191199,"Выраженных критериев ролей нет: отправителей 1, получателей 1; требуется проверка."
100000004472936100,peripheral,0.15,13,0.126588,"Выраженных критериев ролей нет: отправителей 1, получателей 0; требуется проверка. Граница depth=4: исходящие обрезаны."
100000004475818100,peripheral,0.35,5,0.342162,"Выраженных критериев ролей нет: отправителей 1, получателей 3; требуется проверка."
100000004479404100,peripheral,0.35,45,0.566415,"Выраженных критериев ролей нет: отправителей 2, получателей 1; требуется проверка."
100000004480280100,peripheral,0.35,3,0.522746,"Выраженных критериев ролей нет: отправителей 1, получателей 2; требуется проверка."
100000004486525100,consolidator,0.965508,0,0.724134,"Признаки сбора: 8 отправителей; вход 360,924.00 KZT; получателей 2."
100000004488265100,terminal,0.719021,6,0.35214,"Наблюдаемый сток: вход 38,740.00 KZT; выход/вход=0.00; depth=3. Не полный баланс."
100000004491749100,terminal,0.729365,8,0.406734,"Наблюдаемый сток: вход 50,000.00 KZT; выход/вход=0.00; depth=3. Не полный баланс."
100000004491881100,terminal,0.688083,1,0.288912,"Наблюдаемый сток: вход 17,144.00 KZT; выход/вход=0.00; depth=1. Не полный баланс."
100000004493586100,terminal,0.668123,0,0.230556,"Наблюдаемый сток: вход 7,500.00 KZT; выход/вход=0.00; depth=3. Не полный баланс."
100000004494983100,terminal,0.716419,1,0.3595,"Наблюдаемый сток: вход 35,000.00 KZT; выход/вход=0.00; depth=1. Не полный баланс."
100000004497606100,terminal,0.685163,1,0.280936,"Наблюдаемый сток: вход 15,534.00 KZT; выход/вход=0.00; depth=1. Не полный баланс."
100000004500444100,peripheral,0.35,14,0.392055,"Выраженных критериев ролей нет: отправителей 2, получателей 1; требуется проверка."
100000004500781100,peripheral,0.15,14,0.243743,"Выраженных критериев ролей нет: отправителей 1, получателей 0; требуется проверка. Граница depth=4: исходящие обрезаны."
100000004502048100,peripheral,0.15,17,0.113746,"Выраженных критериев ролей нет: отправителей 1, получателей 0; требуется проверка. Граница depth=4: исходящие обрезаны."
100000004508696100,peripheral,0.35,38,0.382667,"Выраженных критериев ролей нет: отправителей 1, получателей 3; требуется проверка."
100000004509286100,terminal,0.720354,3,0.454114,"Наблюдаемый сток: вход 40,000.00 KZT; выход/вход=0.00; depth=1. Не полный баланс."
100000004526651100,peripheral,0.15,2,0.161271,"Выраженных критериев ролей нет: отправителей 1, получателей 0; требуется проверка. Граница depth=4: исходящие обрезаны."
100000004527381100,peripheral,0.35,15,0.494995,"Выраженных критериев ролей нет: отправителей 1, получателей 1; требуется проверка."
100000004539443100,terminal,0.736917,3,0.480793,"Наблюдаемый сток: вход 61,990.00 KZT; выход/вход=0.00; depth=3. Не полный баланс."
100000004544958100,peripheral,0.35,11,0.496597,"Выраженных критериев ролей нет: отправителей 1, получателей 2; требуется проверка."
100000004549591100,peripheral,0.15,38,0.20546,"Выраженных критериев ролей нет: отправителей 1, получателей 0; требуется проверка. Граница depth=4: исходящие обрезаны."
100000004552204100,peripheral,0.35,32,0.291799,"Выраженных критериев ролей нет: отправителей 1, получателей 2; требуется проверка."
100000004553349100,terminal,0.668504,5,0.255199,"Наблюдаемый сток: вход 7,755.00 KZT; выход/вход=0.00; depth=3. Не полный баланс."
100000004559194100,terminal,0.778676,4,0.554917,"Наблюдаемый сток: вход 282,145.00 KZT; выход/вход=0.00; depth=1. Не полный баланс."
100000004564736100,terminal,0.683545,23,0.339759,"Наблюдаемый сток: вход 15,000.00 KZT; выход/вход=0.00; depth=3. Не полный баланс."
100000004569484100,coordinator,0.889868,7,0.724982,Структурный посредник: betweenness=0.002793; внешних кластеров 2; достижим от 2 seed.
100000004569637100,peripheral,0.15,6,0.108784,"Выраженных критериев ролей нет: отправителей 1, получателей 0; требуется проверка. Граница depth=4: исходящие обрезаны."
100000004571634100,peripheral,0.15,11,0.141538,"Выраженных критериев ролей нет: отправителей 1, получателей 0; требуется проверка. Граница depth=4: исходящие обрезаны."
100000004573782100,terminal,0.683545,10,0.298711,"Наблюдаемый сток: вход 15,000.00 KZT; выход/вход=0.00; depth=2. Не полный баланс."
100000004580202100,peripheral,0.35,23,0.367431,"Выраженных критериев ролей нет: отправителей 1, получателей 3; требуется проверка."
100000004580254100,terminal,0.708296,16,0.34687,"Наблюдаемый сток: вход 27,940.00 KZT; выход/вход=0.00; depth=3. Не полный баланс."
100000004584730100,peripheral,0.15,45,0.177194,"Выраженных критериев ролей нет: отправителей 1, получателей 0; требуется проверка. Граница depth=4: исходящие обрезаны."
100000004586598100,peripheral,0.15,67,0.344828,"Выраженных критериев ролей нет: отправителей 1, получателей 0; требуется проверка. Граница depth=4: исходящие обрезаны."
100000004587414100,terminal,0.790925,5,0.60248,"Наблюдаемый сток: вход 533,603.00 KZT; выход/вход=0.00; depth=3. Не полный баланс."
100000004588479100,terminal,0.766364,4,0.519649,"Наблюдаемый сток: вход 177,633.00 KZT; выход/вход=0.00; depth=1. Не полный баланс."
100000004591973100,peripheral,0.35,12,0.381316,"Выраженных критериев ролей нет: отправителей 1, получателей 1; требуется проверка."
100000004592467100,terminal,0.667457,3,0.227875,"Наблюдаемый сток: вход 7,000.00 KZT; выход/вход=0.00; depth=2. Не полный баланс."
100000004596284100,peripheral,0.15,4,0.186611,"Выраженных критериев ролей нет: отправителей 1, получателей 0; требуется проверка. Граница depth=4: исходящие обрезаны."
100000004601193100,peripheral,0.15,11,0.248271,"Выраженных критериев ролей нет: отправителей 1, получателей 0; требуется проверка. Граница depth=4: исходящие обрезаны."
100000004603109100,consolidator,0.951641,24,0.701618,"Признаки сбора: 3 отправителей; вход 2,730,000.00 KZT; получателей 2."
100000004610802100,peripheral,0.15,60,0.295741,"Выраженных критериев ролей нет: отправителей 1, получателей 0; требуется проверка. Граница depth=4: исходящие обрезаны."
100000004611571100,terminal,0.69884,0,0.3154,"Наблюдаемый сток: вход 22,550.00 KZT; выход/вход=0.00; depth=3. Не полный баланс."
100000004613582100,peripheral,0.35,10,0.15905,"Выраженных критериев ролей нет: отправителей 1, получателей 1; требуется проверка."
100000004616845100,peripheral,0.15,57,0.100925,"Выраженных критериев ролей нет: отправителей 1, получателей 0; требуется проверка. Граница depth=4: исходящие обрезаны."
100000004622227100,peripheral,0.35,0,0.287967,"Выраженных критериев ролей нет: отправителей 1, получателей 3; требуется проверка."
100000004629688100,peripheral,0.35,15,0.21793,"Выраженных критериев ролей нет: отправителей 1, получателей 1; требуется проверка."
100000004634420100,terminal,0.706296,1,0.312489,"Наблюдаемый сток: вход 26,150.00 KZT; выход/вход=0.00; depth=3. Не полный баланс."
100000004635886100,terminal,0.699252,4,0.334401,"Наблюдаемый сток: вход 23,000.00 KZT; выход/вход=0.00; depth=3. Не полный баланс."
100000004644615100,peripheral,0.35,9,0.367237,"Выраженных критериев ролей нет: отправителей 1, получателей 2; требуется проверка."
100000004652395100,consolidator,0.7,0,0.447627,"Признаки сбора: 3 отправителей; вход 101,528.00 KZT; получателей 0. Граница depth=4: исходящие обрезаны."
100000004655046100,peripheral,0.15,7,0.168687,"Выраженных критериев ролей нет: отправителей 1, получателей 0; требуется проверка. Граница depth=4: исходящие обрезаны."
100000004657034100,terminal,0.760684,5,0.493672,"Наблюдаемый сток: вход 141,250.00 KZT; выход/вход=0.00; depth=3. Не полный баланс."
100000004659919100,peripheral,0.35,51,0.425603,"Выраженных критериев ролей нет: отправителей 1, получателей 1; требуется проверка."
100000004662806100,peripheral,0.35,12,0.417756,"Выраженных критериев ролей нет: отправителей 2, получателей 2; требуется проверка."
100000004664515100,terminal,0.718577,0,0.364207,"Наблюдаемый сток: вход 37,691.00 KZT; выход/вход=0.00; depth=1. Не полный баланс."
100000004664905100,terminal,0.781469,4,0.580613,"Наблюдаемый сток: вход 329,020.00 KZT; выход/вход=0.00; depth=1. Не полный баланс."
100000004666651100,terminal,0.786482,66,0.643524,"Наблюдаемый сток: вход 429,250.00 KZT; выход/вход=0.00; depth=2. Не полный баланс."
100000004670388100,peripheral,0.35,50,0.448315,"Выраженных критериев ролей нет: отправителей 1, получателей 2; требуется проверка."
100000004671609100,terminal,0.751324,9,0.436236,"Наблюдаемый сток: вход 100,000.00 KZT; выход/вход=0.00; depth=3. Не полный баланс."
100000004673335100,peripheral,0.15,30,0.235919,"Выраженных критериев ролей нет: отправителей 1, получателей 0; требуется проверка. Граница depth=4: исходящие обрезаны."
100000004674178100,peripheral,0.15,26,0.121226,"Выраженных критериев ролей нет: отправителей 1, получателей 0; требуется проверка. Граница depth=4: исходящие обрезаны."
100000004674389100,peripheral,0.15,11,0.120516,"Выраженных критериев ролей нет: отправителей 1, получателей 0; требуется проверка. Граница depth=4: исходящие обрезаны."
100000004674412100,peripheral,0.15,11,0.202842,"Выраженных критериев ролей нет: отправителей 1, получателей 0; требуется проверка. Граница depth=4: исходящие обрезаны."
100000004674799100,terminal,0.76005,0,0.564565,"Наблюдаемый сток: вход 140,000.00 KZT; выход/вход=0.00; depth=2. Не полный баланс."
100000004676985100,transit,0.532653,0,0.394352,Признаки транзита: выход/вход=0.84; совместимо за 0–2 дня 0% входа.
100000004677680100,peripheral,0.35,11,0.571102,"Выраженных критериев ролей нет: отправителей 2, получателей 1; требуется проверка."
100000004679953100,consolidator,0.925578,6,0.756945,"Признаки сбора: 3 отправителей; вход 343,538.00 KZT; получателей 3."
100000004687099100,terminal,0.711215,10,0.367288,"Наблюдаемый сток: вход 30,000.00 KZT; выход/вход=0.00; depth=2. Не полный баланс."
100000004687282100,terminal,0.694429,4,0.331295,"Наблюдаемый сток: вход 20,000.00 KZT; выход/вход=0.00; depth=2. Не полный баланс."
100000004689658100,terminal,0.783836,6,0.599776,"Наблюдаемый сток: вход 456,100.00 KZT; выход/вход=0.02; depth=3. Не полный баланс."
100000004691350100,peripheral,0.15,50,0.140053,"Выраженных критериев ролей нет: отправителей 1, получателей 0; требуется проверка. Граница depth=4: исходящие обрезаны."
100000004692798100,terminal,0.758766,12,0.560908,"Наблюдаемый сток: вход 240,305.00 KZT; выход/вход=0.06; depth=1. Не полный баланс."
100000004697956100,transit,0.7525,8,0.356044,Признаки транзита: выход/вход=1.00; совместимо за 0–2 дня 0% входа.
100000004698193100,peripheral,0.35,8,0.37697,"Выраженных критериев ролей нет: отправителей 2, получателей 3; требуется проверка."
100000004707703100,distributor,0.879526,4,0.761629,"Признаки распределения: 5 получателей; выход 231,650.00 KZT; отправителей 2."
100000004713684100,terminal,0.718418,0,0.360898,"Наблюдаемый сток: вход 37,500.00 KZT; выход/вход=0.00; depth=3. Не полный баланс."
100000004714705100,peripheral,0.35,19,0.163903,"Выраженных критериев ролей нет: отправителей 0, получателей 1; требуется проверка. Seed: входящие неполны."
100000004715209100,distributor,0.900774,2,0.629459,"Признаки распределения: 5 получателей; выход 350,450.00 KZT; отправителей 1."
100000004717647100,distributor,0.932115,45,0.768526,"Признаки распределения: 5 получателей; выход 2,240,000.00 KZT; отправителей 1."
100000004722630100,peripheral,0.15,50,0.310863,"Выраженных критериев ролей нет: отправителей 1, получателей 0; требуется проверка. Граница depth=4: исходящие обрезаны."
100000004722765100,peripheral,0.35,47,0.519162,"Выраженных критериев ролей нет: отправителей 1, получателей 3; требуется проверка."
100000004723755100,peripheral,0.35,3,0.228843,"Выраженных критериев ролей нет: отправителей 0, получателей 1; требуется проверка. Seed: входящие неполны."
100000004726132100,terminal,0.764604,0,0.568892,"Наблюдаемый сток: вход 349,000.00 KZT; выход/вход=0.07; depth=3. Не полный баланс."
100000004732589100,terminal,0.773092,11,0.519891,"Наблюдаемый сток: вход 227,520.00 KZT; выход/вход=0.00; depth=2. Не полный баланс."
100000004737477100,transit,0.613495,0,0.470739,Признаки транзита: выход/вход=0.82; совместимо за 0–2 дня 30% входа.
100000004737764100,terminal,0.79248,3,0.585459,"Наблюдаемый сток: вход 600,000.00 KZT; выход/вход=0.00; depth=3. Не полный баланс."
100000004739664100,transit,0.523333,1,0.279858,Признаки транзита: выход/вход=0.83; совместимо за 0–2 дня 0% входа.
100000004741837100,terminal,0.705313,4,0.348408,"Наблюдаемый сток: вход 25,596.00 KZT; выход/вход=0.00; depth=1. Не полный баланс."
100000004744306100,peripheral,0.35,19,0.473132,"Выраженных критериев ролей нет: отправителей 1, получателей 2; требуется проверка."
100000004746397100,terminal,0.763637,5,0.67745,"Наблюдаемый сток: вход 219,520.00 KZT; выход/вход=0.03; depth=3. Не полный баланс."
100000004747154100,peripheral,0.15,2,0.213611,"Выраженных критериев ролей нет: отправителей 1, получателей 0; требуется проверка. Граница depth=4: исходящие обрезаны."
100000004750321100,terminal,0.730635,7,0.453068,"Наблюдаемый сток: вход 50,185.00 KZT; выход/вход=0.00; depth=3. Не полный баланс."
100000004750897100,terminal,0.673708,15,0.355606,"Наблюдаемый сток: вход 10,000.00 KZT; выход/вход=0.00; depth=3. Не полный баланс."
100000004756901100,terminal,0.763001,4,0.560652,"Наблюдаемый сток: вход 153,248.00 KZT; выход/вход=0.00; depth=2. Не полный баланс."
100000004759121100,consolidator,0.97109,0,0.835126,"Признаки сбора: 6 отправителей; вход 710,000.00 KZT; получателей 2."
100000004765639100,peripheral,0.35,0,0.149439,"Выраженных критериев ролей нет: отправителей 1, получателей 2; требуется проверка."
100000004770073100,transit,0.94385,0,0.357286,Признаки транзита: выход/вход=1.00; совместимо за 0–2 дня 100% входа.
100000004777215100,peripheral,0.15,22,0.24694,"Выраженных критериев ролей нет: отправителей 1, получателей 0; требуется проверка. Граница depth=4: исходящие обрезаны."
100000004779204100,peripheral,0.35,0,0.250722,"Выраженных критериев ролей нет: отправителей 1, получателей 1; требуется проверка."
100000004780083100,peripheral,0.15,60,0.071303,"Выраженных критериев ролей нет: отправителей 1, получателей 0; требуется проверка. Граница depth=4: исходящие обрезаны."
100000004780327100,peripheral,0.15,18,0.079156,"Выраженных критериев ролей нет: отправителей 1, получателей 0; требуется проверка. Граница depth=4: исходящие обрезаны."
100000004783447100,terminal,0.706804,1,0.33287,"Наблюдаемый сток: вход 26,200.00 KZT; выход/вход=0.00; depth=1. Не полный баланс."
100000004784224100,peripheral,0.35,24,0.281252,"Выраженных критериев ролей нет: отправителей 1, получателей 1; требуется проверка."
100000004788983100,peripheral,0.15,0,0.188402,"Выраженных критериев ролей нет: отправителей 1, получателей 0; требуется проверка. Граница depth=4: исходящие обрезаны."
100000004790991100,terminal,0.774869,4,0.54312,"Наблюдаемый сток: вход 239,413.00 KZT; выход/вход=0.00; depth=1. Не полный баланс."
100000004791226100,peripheral,0.15,0,0.180125,"Выраженных критериев ролей нет: отправителей 1, получателей 0; требуется проверка. Граница depth=4: исходящие обрезаны."
100000004792397100,terminal,0.741741,1,0.428484,"Наблюдаемый сток: вход 73,520.00 KZT; выход/вход=0.00; depth=1. Не полный баланс."
100000004797167100,peripheral,0.15,20,0.187354,"Выраженных критериев ролей нет: отправителей 1, получателей 0; требуется проверка. Граница depth=4: исходящие обрезаны."
100000004798515100,peripheral,0.15,12,0.278217,"Выраженных критериев ролей нет: отправителей 1, получателей 0; требуется проверка. Граница depth=4: исходящие обрезаны."
100000004800452100,peripheral,0.15,5,0.164939,"Выраженных критериев ролей нет: отправителей 1, получателей 0; требуется проверка. Граница depth=4: исходящие обрезаны."
100000004800648100,peripheral,0.15,12,0.250565,"Выраженных критериев ролей нет: отправителей 1, получателей 0; требуется проверка. Граница depth=4: исходящие обрезаны."
100000004806903100,terminal,0.690684,3,0.456632,"Наблюдаемый сток: вход 18,000.00 KZT; выход/вход=0.00; depth=2. Не полный баланс."
100000004813068100,peripheral,0.35,24,0.292032,"Выраженных критериев ролей нет: отправителей 0, получателей 3; требуется проверка. Seed: входящие неполны."
100000004816564100,terminal,0.774376,15,0.634056,"Наблюдаемый сток: вход 285,480.00 KZT; выход/вход=0.02; depth=2. Не полный баланс."
100000004820260100,transit,0.820287,15,0.708744,Признаки транзита: выход/вход=0.92; совместимо за 0–2 дня 64% входа.
100000004825069100,terminal,0.711215,1,0.343013,"Наблюдаемый сток: вход 30,000.00 KZT; выход/вход=0.00; depth=2. Не полный баланс."
100000004840086100,peripheral,0.15,0,0.25667,"Выраженных критериев ролей нет: отправителей 1, получателей 0; требуется проверка. Граница depth=4: исходящие обрезаны."
100000004841728100,terminal,0.731904,1,0.40052,"Наблюдаемый сток: вход 52,208.00 KZT; выход/вход=0.00; depth=1. Не полный баланс."
100000004847758100,distributor,0.935525,3,0.776908,"Признаки распределения: 15 получателей; выход 488,800.00 KZT; отправителей 4."
100000004848236100,peripheral,0.15,0,0.107982,"Выраженных критериев ролей нет: отправителей 1, получателей 0; требуется проверка. Граница depth=4: исходящие обрезаны."
100000004850609100,peripheral,0.15,0,0.093478,"Выраженных критериев ролей нет: отправителей 1, получателей 0; требуется проверка. Граница depth=4: исходящие обрезаны."
100000004856746100,peripheral,0.15,34,0.118441,"Выраженных критериев ролей нет: отправителей 1, получателей 0; требуется проверка. Граница depth=4: исходящие обрезаны."
100000004877085100,peripheral,0.35,13,0.413325,"Выраженных критериев ролей нет: отправителей 1, получателей 3; требуется проверка."
100000004889043100,terminal,0.777661,0,0.551452,"Наблюдаемый сток: вход 272,000.00 KZT; выход/вход=0.00; depth=3. Не полный баланс."
100000004890713100,peripheral,0.15,7,0.19077,"Выраженных критериев ролей нет: отправителей 1, получателей 0; требуется проверка. Граница depth=4: исходящие обрезаны."
100000004891562100,peripheral,0.15,18,0.241461,"Выраженных критериев ролей нет: отправителей 1, получателей 0; требуется проверка. Граница depth=4: исходящие обрезаны."
100000004892144100,terminal,0.789583,24,0.653425,"Наблюдаемый сток: вход 4,500,000.00 KZT; выход/вход=0.04; depth=3. Не полный баланс."
100000004904960100,terminal,0.714071,0,0.48791,"Наблюдаемый сток: вход 32,000.00 KZT; выход/вход=0.00; depth=2. Не полный баланс."
100000004905207100,terminal,0.784261,14,0.608621,"Наблюдаемый сток: вход 380,000.00 KZT; выход/вход=0.00; depth=2. Не полный баланс."
100000004906181100,distributor,0.951036,36,0.768371,"Признаки распределения: 7 получателей; выход 2,473,417.91 KZT; отправителей 1."
100000004908173100,peripheral,0.15,2,0.136481,"Выраженных критериев ролей нет: отправителей 1, получателей 0; требуется проверка. Граница depth=4: исходящие обрезаны."
100000004911971100,peripheral,0.15,36,0.186703,"Выраженных критериев ролей нет: отправителей 1, получателей 0; требуется проверка. Граница depth=4: исходящие обрезаны."
100000004917367100,terminal,0.756718,5,0.495403,"Наблюдаемый сток: вход 120,000.00 KZT; выход/вход=0.00; depth=3. Не полный баланс."
100000004921657100,peripheral,0.35,3,0.220341,"Выраженных критериев ролей нет: отправителей 1, получателей 1; требуется проверка."
100000004931931100,peripheral,0.35,0,0.283924,"Выраженных критериев ролей нет: отправителей 1, получателей 1; требуется проверка."
100000004948177100,consolidator,0.967974,4,0.641229,"Признаки сбора: 3 отправителей; вход 437,163.00 KZT; получателей 0."
100000004950490100,terminal,0.673708,10,0.287511,"Наблюдаемый сток: вход 10,000.00 KZT; выход/вход=0.00; depth=2. Не полный баланс."
100000004959752100,terminal,0.698554,3,0.449607,"Наблюдаемый сток: вход 22,200.00 KZT; выход/вход=0.00; depth=3. Не полный баланс."
100000004962193100,consolidator,0.993835,0,0.706872,"Признаки сбора: 8 отправителей; вход 900,468.00 KZT; получателей 0."
100000004970752100,terminal,0.673708,0,0.313092,"Наблюдаемый сток: вход 10,000.00 KZT; выход/вход=0.00; depth=3. Не полный баланс."
100000004971871100,peripheral,0.35,59,0.234708,"Выраженных критериев ролей нет: отправителей 1, получателей 1; требуется проверка. Seed: входящие неполны."
100000004975919100,peripheral,0.35,6,0.250667,"Выраженных критериев ролей нет: отправителей 1, получателей 2; требуется проверка."
100000004976946100,peripheral,0.15,41,0.304407,"Выраженных критериев ролей нет: отправителей 1, получателей 0; требуется проверка. Граница depth=4: исходящие обрезаны."
100000004979264100,peripheral,0.15,2,0.189656,"Выраженных критериев ролей нет: отправителей 1, получателей 0; требуется проверка. Граница depth=4: исходящие обрезаны."
100000004979283100,terminal,0.720925,7,0.366611,"Наблюдаемый сток: вход 40,132.00 KZT; выход/вход=0.00; depth=3. Не полный баланс."
100000004979498100,peripheral,0.35,52,0.408082,"Выраженных критериев ролей нет: отправителей 1, получателей 1; требуется проверка."
100000004981068100,peripheral,0.15,6,0.133208,"Выраженных критериев ролей нет: отправителей 1, получателей 0; требуется проверка. Граница depth=4: исходящие обрезаны."
100000004984689100,terminal,0.732665,6,0.387008,"Наблюдаемый сток: вход 53,030.00 KZT; выход/вход=0.00; depth=3. Не полный баланс."
100000004988240100,peripheral,0.15,0,0.176983,"Выраженных критериев ролей нет: отправителей 1, получателей 0; требуется проверка. Граница depth=4: исходящие обрезаны."
100000004991593100,peripheral,0.15,6,0.241093,"Выраженных критериев ролей нет: отправителей 1, получателей 0; требуется проверка. Граница depth=4: исходящие обрезаны."
100000004991812100,terminal,0.673708,23,0.314319,"Наблюдаемый сток: вход 10,000.00 KZT; выход/вход=0.00; depth=3. Не полный баланс."
100000004993576100,terminal,0.765095,15,0.549443,"Наблюдаемый сток: вход 167,000.00 KZT; выход/вход=0.00; depth=2. Не полный баланс."
100000004997515100,consolidator,0.937857,2,0.815081,"Признаки сбора: 4 отправителей; вход 395,000.00 KZT; получателей 4."
100000005008589100,terminal,0.722384,0,0.372808,"Наблюдаемый сток: вход 42,806.68 KZT; выход/вход=0.00; depth=3. Не полный баланс."
100000005010159100,peripheral,0.15,6,0.11657,"Выраженных критериев ролей нет: отправителей 1, получателей 0; требуется проверка. Граница depth=4: исходящие обрезаны."
100000005017150100,peripheral,0.15,78,0.0,Нет межклиентских переводов в выборке; данных для содержательной роли недостаточно. Seed: входящие неполны.
100000005022552100,terminal,0.769696,4,0.542658,"Наблюдаемый сток: вход 241,000.00 KZT; выход/вход=0.02; depth=3. Не полный баланс."
100000005022964100,terminal,0.694429,3,0.413987,"Наблюдаемый сток: вход 20,000.00 KZT; выход/вход=0.00; depth=2. Не полный баланс."
100000005025629100,peripheral,0.15,5,0.130128,"Выраженных критериев ролей нет: отправителей 1, получателей 0; требуется проверка. Граница depth=4: исходящие обрезаны."
100000005030592100,terminal,0.673708,15,0.302438,"Наблюдаемый сток: вход 10,000.00 KZT; выход/вход=0.00; depth=2. Не полный баланс."
100000005031696100,peripheral,0.35,51,0.507615,"Выраженных критериев ролей нет: отправителей 1, получателей 2; требуется проверка."
100000005032294100,terminal,0.673708,14,0.353962,"Наблюдаемый сток: вход 10,000.00 KZT; выход/вход=0.00; depth=2. Не полный баланс."
100000005034574100,terminal,0.776582,65,0.541029,"Наблюдаемый сток: вход 258,816.00 KZT; выход/вход=0.00; depth=1. Не полный баланс."
100000005037490100,peripheral,0.35,13,0.294515,"Выраженных критериев ролей нет: отправителей 1, получателей 2; требуется проверка."
100000005041147100,peripheral,0.15,0,0.14431,"Выраженных критериев ролей нет: отправителей 1, получателей 0; требуется проверка. Граница depth=4: исходящие обрезаны."
100000005041905100,peripheral,0.35,1,0.323898,"Выраженных критериев ролей нет: отправителей 1, получателей 1; требуется проверка."
100000005042822100,peripheral,0.15,31,0.344476,"Выраженных критериев ролей нет: отправителей 1, получателей 0; требуется проверка. Граница depth=4: исходящие обрезаны."
100000005048668100,distributor,0.895122,6,0.711793,"Признаки распределения: 8 получателей; выход 159,400.00 KZT; отправителей 2."
100000005049404100,peripheral,0.15,5,0.278205,"Выраженных критериев ролей нет: отправителей 1, получателей 0; требуется проверка. Граница depth=4: исходящие обрезаны."
100000005052998100,peripheral,0.35,0,0.206552,"Выраженных критериев ролей нет: отправителей 1, получателей 1; требуется проверка."
100000005053653100,peripheral,0.35,13,0.384321,"Выраженных критериев ролей нет: отправителей 2, получателей 1; требуется проверка."
100000005055454100,terminal,0.666537,29,0.287151,"Наблюдаемый сток: вход 6,500.00 KZT; выход/вход=0.00; depth=3. Не полный баланс."
100000005056870100,terminal,0.694429,46,0.326798,"Наблюдаемый сток: вход 20,000.00 KZT; выход/вход=0.00; depth=1. Не полный баланс."
100000005059998100,terminal,0.690684,0,0.300406,"Наблюдаемый сток: вход 18,000.00 KZT; выход/вход=0.00; depth=2. Не полный баланс."
100000005061890100,terminal,0.747167,3,0.465415,"Наблюдаемый сток: вход 90,000.00 KZT; выход/вход=0.00; depth=3. Не полный баланс."
100000005074393100,consolidator,0.937225,13,0.906859,"Признаки сбора: 4 отправителей; вход 563,026.00 KZT; получателей 6."
100000005075949100,peripheral,0.15,47,0.371584,"Выраженных критериев ролей нет: отправителей 1, получателей 0; требуется проверка. Граница depth=4: исходящие обрезаны."
100000005077484100,terminal,0.738562,29,0.510467,"Наблюдаемый сток: вход 150,000.00 KZT; выход/вход=0.09; depth=2. Не полный баланс."
100000005079473100,peripheral,0.15,6,0.176805,"Выраженных критериев ролей нет: отправителей 1, получателей 0; требуется проверка. Граница depth=4: исходящие обрезаны."
100000005079754100,peripheral,0.35,3,0.50179,"Выраженных критериев ролей нет: отправителей 1, получателей 2; требуется проверка."
100000005082652100,terminal,0.711215,10,0.373473,"Наблюдаемый сток: вход 30,000.00 KZT; выход/вход=0.00; depth=3. Не полный баланс."
100000005087431100,peripheral,0.15,79,0.0,Нет межклиентских переводов в выборке; данных для содержательной роли недостаточно. Seed: входящие неполны.
100000005087923100,peripheral,0.15,8,0.147999,"Выраженных критериев ролей нет: отправителей 1, получателей 0; требуется проверка. Граница depth=4: исходящие обрезаны."
100000005089460100,terminal,0.678849,1,0.247135,"Наблюдаемый сток: вход 12,300.00 KZT; выход/вход=0.00; depth=3. Не полный баланс."
100000005092518100,terminal,0.706043,1,0.331139,"Наблюдаемый сток: вход 26,144.00 KZT; выход/вход=0.00; depth=1. Не полный баланс."
100000005093521100,terminal,0.684655,3,0.362388,"Наблюдаемый сток: вход 15,200.00 KZT; выход/вход=0.00; depth=1. Не полный баланс."
100000005100475100,terminal,0.720354,8,0.384208,"Наблюдаемый сток: вход 40,000.00 KZT; выход/вход=0.00; depth=3. Не полный баланс."
100000005105153100,terminal,0.711215,0,0.433957,"Наблюдаемый сток: вход 30,000.00 KZT; выход/вход=0.00; depth=2. Не полный баланс."
100000005124479100,peripheral,0.35,0,0.477603,"Выраженных критериев ролей нет: отправителей 2, получателей 2; требуется проверка."
100000005127767100,terminal,0.667457,38,0.28386,"Наблюдаемый сток: вход 7,000.00 KZT; выход/вход=0.00; depth=3. Не полный баланс."
100000005133757100,terminal,0.738218,6,0.502763,"Наблюдаемый сток: вход 65,000.00 KZT; выход/вход=0.00; depth=1. Не полный баланс."
100000005140601100,consolidator,0.879429,6,0.641272,"Признаки сбора: 3 отправителей; вход 52,685.00 KZT; получателей 2."
100000005142492100,peripheral,0.35,8,0.276202,"Выраженных критериев ролей нет: отправителей 1, получателей 1; требуется проверка."
100000005142589100,terminal,0.729365,0,0.42609,"Наблюдаемый сток: вход 50,000.00 KZT; выход/вход=0.00; depth=2. Не полный баланс."
100000005146665100,peripheral,0.15,57,0.042957,"Выраженных критериев ролей нет: отправителей 1, получателей 0; требуется проверка. Граница depth=4: исходящие обрезаны."
100000005168487100,peripheral,0.35,11,0.400836,"Выраженных критериев ролей нет: отправителей 1, получателей 1; требуется проверка."
100000005171642100,transit,0.963233,8,0.659914,Признаки транзита: выход/вход=0.98; совместимо за 0–2 дня 94% входа.
100000005172860100,terminal,0.684751,0,0.274085,"Наблюдаемый сток: вход 15,209.20 KZT; выход/вход=0.00; depth=3. Не полный баланс."
100000005175148100,peripheral,0.35,15,0.351231,"Выраженных критериев ролей нет: отправителей 2, получателей 1; требуется проверка."
100000005182219100,terminal,0.733998,5,0.47371,"Наблюдаемый сток: вход 55,000.00 KZT; выход/вход=0.00; depth=3. Не полный баланс."
100000005183943100,terminal,0.793273,44,0.602075,"Наблюдаемый сток: вход 680,900.00 KZT; выход/вход=0.00; depth=1. Не полный баланс."
100000005186109100,terminal,0.661809,15,0.343967,"Наблюдаемый сток: вход 5,000.00 KZT; выход/вход=0.00; depth=3. Не полный баланс."
100000005186131100,transit,0.945,0,0.413622,Признаки транзита: выход/вход=1.00; совместимо за 0–2 дня 100% входа.
100000005187208100,terminal,0.681768,5,0.291223,"Наблюдаемый сток: вход 14,160.00 KZT; выход/вход=0.00; depth=3. Не полный баланс."
100000005189258100,peripheral,0.15,5,0.190436,"Выраженных критериев ролей нет: отправителей 1, получателей 0; требуется проверка. Граница depth=4: исходящие обрезаны."
100000005198498100,terminal,0.709184,1,0.32083,"Наблюдаемый сток: вход 28,800.00 KZT; выход/вход=0.00; depth=3. Не полный баланс."
100000005198906100,peripheral,0.35,5,0.397773,"Выраженных критериев ролей нет: отправителей 1, получателей 1; требуется проверка."
100000005203590100,terminal,0.747167,8,0.43428,"Наблюдаемый сток: вход 90,000.00 KZT; выход/вход=0.00; depth=2. Не полный баланс."
100000005205745100,terminal,0.66568,8,0.320528,"Наблюдаемый сток: вход 6,000.00 KZT; выход/вход=0.00; depth=2. Не полный баланс."
100000005209352100,peripheral,0.15,0,0.119502,"Выраженных критериев ролей нет: отправителей 1, получателей 0; требуется проверка. Граница depth=4: исходящие обрезаны."
100000005222360100,peripheral,0.35,14,0.372501,"Выраженных критериев ролей нет: отправителей 1, получателей 1; требуется проверка."
100000005226217100,peripheral,0.15,2,0.159561,"Выраженных критериев ролей нет: отправителей 1, получателей 0; требуется проверка. Граница depth=4: исходящие обрезаны."
100000005228059100,terminal,0.705725,1,0.330316,"Наблюдаемый сток: вход 26,000.00 KZT; выход/вход=0.00; depth=1. Не полный баланс."
100000005233755100,peripheral,0.35,16,0.198461,"Выраженных критериев ролей нет: отправителей 1, получателей 1; требуется проверка."
100000005235389100,peripheral,0.15,80,0.0,Нет межклиентских переводов в выборке; данных для содержательной роли недостаточно. Seed: входящие неполны.
100000005237935150,terminal,0.715721,9,0.356575,"Наблюдаемый сток: вход 34,508.00 KZT; выход/вход=0.00; depth=2. Не полный баланс."
100000005241556100,terminal,0.751324,20,0.477527,"Наблюдаемый сток: вход 100,000.00 KZT; выход/вход=0.00; depth=3. Не полный баланс."
100000005242320100,distributor,0.982527,9,0.772622,"Признаки распределения: 21 получателей; выход 8,936,295.00 KZT; отправителей 2."
100000005264874100,peripheral,0.35,37,0.295162,"Выраженных критериев ролей нет: отправителей 1, получателей 2; требуется проверка."
100000005264990100,peripheral,0.35,19,0.476844,"Выраженных критериев ролей нет: отправителей 1, получателей 2; требуется проверка. Seed: входящие неполны."
100000005265073100,peripheral,0.35,19,0.208982,"Выраженных критериев ролей нет: отправителей 1, получателей 1; требуется проверка."
100000005268319100,distributor,0.865868,0,0.558549,"Признаки распределения: 5 получателей; выход 91,000.00 KZT; отправителей 1."
100000005272139100,peripheral,0.15,4,0.289654,"Выраженных критериев ролей нет: отправителей 1, получателей 0; требуется проверка. Граница depth=4: исходящие обрезаны."
100000005287097100,distributor,0.934707,4,0.806756,"Признаки распределения: 9 получателей; выход 697,300.00 KZT; отправителей 2."
100000005293969100,peripheral,0.15,0,0.10398,"Выраженных критериев ролей нет: отправителей 1, получателей 0; требуется проверка. Граница depth=4: исходящие обрезаны."
100000005308954100,peripheral,0.35,4,0.336144,"Выраженных критериев ролей нет: отправителей 1, получателей 1; требуется проверка."
100000005314565100,terminal,0.772425,0,0.511078,"Наблюдаемый сток: вход 218,500.00 KZT; выход/вход=0.00; depth=3. Не полный баланс."
100000005316708100,peripheral,0.35,9,0.342594,"Выраженных критериев ролей нет: отправителей 1, получателей 2; требуется проверка."
100000005317181100,peripheral,0.35,0,0.363414,"Выраженных критериев ролей нет: отправителей 1, получателей 1; требуется проверка."
100000005326681100,terminal,0.713373,15,0.403344,"Наблюдаемый сток: вход 31,228.00 KZT; выход/вход=0.00; depth=2. Не полный баланс."
100000005328215100,terminal,0.707851,11,0.338493,"Наблюдаемый сток: вход 27,000.00 KZT; выход/вход=0.00; depth=2. Не полный баланс."
100000005339662100,consolidator,0.922966,15,0.818578,"Признаки сбора: 4 отправителей; вход 202,939.00 KZT; получателей 4."
100000005342513100,peripheral,0.35,1,0.353634,"Выраженных критериев ролей нет: отправителей 1, получателей 1; требуется проверка."
100000005357034100,terminal,0.671233,0,0.256044,"Наблюдаемый сток: вход 9,754.00 KZT; выход/вход=0.00; depth=3. Не полный баланс."
100000005357705100,peripheral,0.35,6,0.435065,"Выраженных критериев ролей нет: отправителей 1, получателей 4; требуется проверка."
100000005360814100,peripheral,0.15,6,0.265565,"Выраженных критериев ролей нет: отправителей 1, получателей 0; требуется проверка. Граница depth=4: исходящие обрезаны."
100000005362848100,terminal,0.70947,7,0.335204,"Наблюдаемый сток: вход 29,000.00 KZT; выход/вход=0.00; depth=3. Не полный баланс."
100000005363908100,transit,0.945,49,0.453589,Признаки транзита: выход/вход=1.00; совместимо за 0–2 дня 100% входа.
100000005367180100,peripheral,0.15,6,0.120078,"Выраженных критериев ролей нет: отправителей 1, получателей 0; требуется проверка. Граница depth=4: исходящие обрезаны."
100000005367284100,peripheral,0.35,0,0.312635,"Выраженных критериев ролей нет: отправителей 1, получателей 2; требуется проверка."
100000005367445100,transit,0.945,2,0.386468,Признаки транзита: выход/вход=1.00; совместимо за 0–2 дня 100% входа.
100000005370558100,peripheral,0.15,0,0.065975,"Выраженных критериев ролей нет: отправителей 1, получателей 0; требуется проверка. Граница depth=4: исходящие обрезаны."
100000005370580100,peripheral,0.35,13,0.243168,"Выраженных критериев ролей нет: отправителей 1, получателей 0; требуется проверка. Seed: входящие неполны."
100000005375968100,peripheral,0.35,0,0.410611,"Выраженных критериев ролей нет: отправителей 1, получателей 2; требуется проверка."
100000005382566100,consolidator,0.972073,19,0.881062,"Признаки сбора: 7 отправителей; вход 393,066.00 KZT; получателей 1. Seed: входящие неполны."
100000005386383100,peripheral,0.35,19,0.470514,"Выраженных критериев ролей нет: отправителей 2, получателей 1; требуется проверка. Seed: входящие неполны."
100000005392290100,peripheral,0.35,69,0.216326,"Выраженных критериев ролей нет: отправителей 0, получателей 1; требуется проверка. Seed: входящие неполны."
100000005394708100,peripheral,0.35,19,0.278711,"Выраженных критериев ролей нет: отправителей 1, получателей 1; требуется проверка."
100000005395727100,peripheral,0.35,15,0.249384,"Выраженных критериев ролей нет: отправителей 1, получателей 0; требуется проверка. Seed: входящие неполны."
100000005402643100,peripheral,0.35,2,0.298647,"Выраженных критериев ролей нет: отправителей 1, получателей 1; требуется проверка."
100000005409156100,terminal,0.776709,5,0.582306,"Наблюдаемый сток: вход 260,080.00 KZT; выход/вход=0.00; depth=3. Не полный баланс."
100000005409680100,peripheral,0.35,17,0.387151,"Выраженных критериев ролей нет: отправителей 2, получателей 0; требуется проверка. Seed: входящие неполны."
100000005413948100,peripheral,0.35,2,0.308108,"Выраженных критериев ролей нет: отправителей 2, получателей 1; требуется проверка."
100000005417257100,peripheral,0.35,19,0.237052,"Выраженных критериев ролей нет: отправителей 0, получателей 2; требуется проверка. Seed: входящие неполны."
100000005432267100,terminal,0.782865,3,0.630538,"Наблюдаемый сток: вход 350,001.00 KZT; выход/вход=0.00; depth=1. Не полный баланс."
100000005454368100,peripheral,0.35,13,0.299812,"Выраженных критериев ролей нет: отправителей 2, получателей 0; требуется проверка. Seed: входящие неполны."
100000005456919100,terminal,0.785805,43,0.595885,"Наблюдаемый сток: вход 479,950.00 KZT; выход/вход=0.01; depth=1. Не полный баланс."
100000005473151100,consolidator,0.936472,7,0.808383,"Признаки сбора: 3 отправителей; вход 1,220,000.00 KZT; получателей 4."
100000005474472100,terminal,0.751324,24,0.481734,"Наблюдаемый сток: вход 100,000.00 KZT; выход/вход=0.00; depth=2. Не полный баланс."
100000005475379100,peripheral,0.35,11,0.425164,"Выраженных критериев ролей нет: отправителей 1, получателей 3; требуется проверка."
100000005480435100,peripheral,0.15,81,0.0,Нет межклиентских переводов в выборке; данных для содержательной роли недостаточно. Seed: входящие неполны.
100000005481280100,peripheral,0.35,15,0.38832,"Выраженных критериев ролей нет: отправителей 1, получателей 3; требуется проверка."
100000005485830100,distributor,0.905277,46,0.514852,"Признаки распределения: 5 получателей; выход 275,885.00 KZT; отправителей 0. Seed: входящие неполны."
100000005493505100,consolidator,0.914529,13,0.649324,"Признаки сбора: 3 отправителей; вход 62,020.00 KZT; получателей 0. Seed: входящие неполны."
100000005495211100,peripheral,0.15,0,0.161735,"Выраженных критериев ролей нет: отправителей 1, получателей 0; требуется проверка. Граница depth=4: исходящие обрезаны."
100000005495722100,peripheral,0.15,82,0.0,Нет межклиентских переводов в выборке; данных для содержательной роли недостаточно. Seed: входящие неполны.
100000005496254100,terminal,0.679356,0,0.264489,"Наблюдаемый сток: вход 12,700.00 KZT; выход/вход=0.00; depth=1. Не полный баланс."
100000005497148100,peripheral,0.15,5,0.211948,"Выраженных критериев ролей нет: отправителей 1, получателей 0; требуется проверка. Граница depth=4: исходящие обрезаны."
100000005498992100,distributor,0.977323,2,0.596928,"Признаки распределения: 16 получателей; выход 2,262,868.00 KZT; отправителей 0. Seed: входящие неполны."
100000005505655100,peripheral,0.35,26,0.406701,"Выраженных критериев ролей нет: отправителей 2, получателей 1; требуется проверка."
100000005507142100,consolidator,0.870841,37,0.566873,"Признаки сбора: 3 отправителей; вход 51,000.00 KZT; получателей 3."
100000005514161100,consolidator,0.960901,9,0.841525,"Признаки сбора: 4 отправителей; вход 401,500.00 KZT; получателей 1."
100000005519347100,peripheral,0.35,4,0.471324,"Выраженных критериев ролей нет: отправителей 2, получателей 1; требуется проверка. Seed: входящие неполны."
100000005519998100,consolidator,0.909361,34,0.706273,"Признаки сбора: 3 отправителей; вход 182,000.00 KZT; получателей 3."
100000005523088100,peripheral,0.35,19,0.554332,"Выраженных критериев ролей нет: отправителей 1, получателей 0; требуется проверка. Seed: входящие неполны."
100000005527892100,distributor,0.921008,20,0.831973,"Признаки распределения: 8 получателей; выход 552,419.00 KZT; отправителей 3."
100000005530114100,peripheral,0.35,16,0.339978,"Выраженных критериев ролей нет: отправителей 2, получателей 1; требуется проверка."
100000005532138100,terminal,0.704805,10,0.320388,"Наблюдаемый сток: вход 25,046.00 KZT; выход/вход=0.00; depth=3. Не полный баланс."
100000005539201100,peripheral,0.35,4,0.349458,"Выраженных критериев ролей нет: отправителей 1, получателей 1; требуется проверка."
100000005539910100,peripheral,0.35,3,0.485914,"Выраженных критериев ролей нет: отправителей 1, получателей 2; требуется проверка."
100000005543136100,peripheral,0.35,13,0.081265,"Выраженных критериев ролей нет: отправителей 0, получателей 1; требуется проверка. Seed: входящие неполны."
100000005546031100,consolidator,0.897886,49,0.522774,"Признаки сбора: 3 отправителей; вход 66,800.00 KZT; получателей 1."
100000005547096100,peripheral,0.35,49,0.355923,"Выраженных критериев ролей нет: отправителей 1, получателей 2; требуется проверка."
100000005550592100,peripheral,0.15,83,0.0,Нет межклиентских переводов в выборке; данных для содержательной роли недостаточно. Seed: входящие неполны.
100000005553088100,peripheral,0.15,6,0.102768,"Выраженных критериев ролей нет: отправителей 1, получателей 0; требуется проверка. Граница depth=4: исходящие обрезаны."
100000005560900100,peripheral,0.15,84,0.0,Нет межклиентских переводов в выборке; данных для содержательной роли недостаточно. Seed: входящие неполны.
100000005561741100,terminal,0.703758,7,0.377805,"Наблюдаемый сток: вход 25,000.00 KZT; выход/вход=0.00; depth=2. Не полный баланс."
100000005567828100,peripheral,0.15,7,0.253936,"Выраженных критериев ролей нет: отправителей 1, получателей 0; требуется проверка. Граница depth=4: исходящие обрезаны."
100000005568407100,peripheral,0.15,85,0.0,Нет межклиентских переводов в выборке; данных для содержательной роли недостаточно. Seed: входящие неполны.
100000005572303100,peripheral,0.35,4,0.404255,"Выраженных критериев ролей нет: отправителей 1, получателей 1; требуется проверка."
100000005578559100,distributor,0.961562,7,0.806976,"Признаки распределения: 21 получателей; выход 893,163.67 KZT; отправителей 2."
100000005584222100,peripheral,0.35,0,0.465134,"Выраженных критериев ролей нет: отправителей 2, получателей 2; требуется проверка."
100000005588444100,terminal,0.678849,10,0.258883,"Наблюдаемый сток: вход 12,300.00 KZT; выход/вход=0.00; depth=1. Не полный баланс."
100000005589319100,peripheral,0.15,3,0.144036,"Выраженных критериев ролей нет: отправителей 1, получателей 0; требуется проверка. Граница depth=4: исходящие обрезаны."
100000005602999100,peripheral,0.35,33,0.332279,"Выраженных критериев ролей нет: отправителей 1, получателей 2; требуется проверка."
100000005608515100,terminal,0.737584,10,0.397905,"Наблюдаемый сток: вход 64,000.00 KZT; выход/вход=0.00; depth=2. Не полный баланс."
100000005610717100,consolidator,0.964301,0,0.709968,"Признаки сбора: 4 отправителей; вход 484,500.00 KZT; получателей 1."
100000005612411100,distributor,0.91863,3,0.791072,"Признаки распределения: 8 получателей; выход 506,997.00 KZT; отправителей 3."
100000005614315100,terminal,0.787688,4,0.574232,"Наблюдаемый сток: вход 455,000.00 KZT; выход/вход=0.00; depth=2. Не полный баланс."
100000005616568100,peripheral,0.15,5,0.378931,"Выраженных критериев ролей нет: отправителей 1, получателей 0; требуется проверка. Граница depth=4: исходящие обрезаны."
100000005619339100,transit,0.630785,4,0.306675,Признаки транзита: выход/вход=1.09; совместимо за 0–2 дня 0% входа.
100000005620225100,terminal,0.728096,0,0.392133,"Наблюдаемый сток: вход 49,845.66 KZT; выход/вход=0.00; depth=1. Не полный баланс."
100000005621418100,peripheral,0.15,27,0.152912,"Выраженных критериев ролей нет: отправителей 1, получателей 0; требуется проверка. Граница depth=4: исходящие обрезаны."
100000005628518100,terminal,0.743264,17,0.453481,"Наблюдаемый сток: вход 77,000.00 KZT; выход/вход=0.00; depth=3. Не полный баланс."
100000005634552100,peripheral,0.35,0,0.458932,"Выраженных критериев ролей нет: отправителей 1, получателей 3; требуется проверка."
100000005636951100,peripheral,0.15,8,0.204961,"Выраженных критериев ролей нет: отправителей 1, получателей 0; требуется проверка. Граница depth=4: исходящие обрезаны."
100000005660203100,terminal,0.77327,4,0.70459,"Наблюдаемый сток: вход 572,899.00 KZT; выход/вход=0.07; depth=2. Не полный баланс."
100000005661528100,terminal,0.703758,6,0.311804,"Наблюдаемый сток: вход 25,000.00 KZT; выход/вход=0.00; depth=3. Не полный баланс."
100000005661829100,transit,0.872291,17,0.459484,Признаки транзита: выход/вход=1.07; совместимо за 0–2 дня 89% входа.
100000005664632100,terminal,0.769538,66,0.592165,"Наблюдаемый сток: вход 198,620.00 KZT; выход/вход=0.00; depth=2. Не полный баланс."
100000005664922100,peripheral,0.35,24,0.420587,"Выраженных критериев ролей нет: отправителей 2, получателей 3; требуется проверка."
100000005665181100,distributor,0.901146,5,0.747535,"Признаки распределения: 11 получателей; выход 181,915.00 KZT; отправителей 4."
100000005667841100,terminal,0.767697,2,0.512276,"Наблюдаемый сток: вход 186,000.00 KZT; выход/вход=0.00; depth=3. Не полный баланс."
100000005668605100,consolidator,0.92721,19,0.681158,"Признаки сбора: 3 отправителей; вход 94,500.00 KZT; получателей 0. Seed: входящие неполны."
100000005669845100,terminal,0.694429,29,0.336119,"Наблюдаемый сток: вход 20,000.00 KZT; выход/вход=0.00; depth=1. Не полный баланс."
100000005674387100,terminal,0.706804,1,0.313844,"Наблюдаемый сток: вход 26,200.00 KZT; выход/вход=0.00; depth=3. Не полный баланс."
100000005685783100,peripheral,0.15,1,0.172028,"Выраженных критериев ролей нет: отправителей 1, получателей 0; требуется проверка. Граница depth=4: исходящие обрезаны."
100000005704413100,distributor,0.972246,7,0.83549,"Признаки распределения: 32 получателей; выход 1,363,593.00 KZT; отправителей 3."
100000005709551100,terminal,0.702457,13,0.37327,"Наблюдаемый сток: вход 24,560.00 KZT; выход/вход=0.00; depth=3. Не полный баланс."
100000005711521100,peripheral,0.15,13,0.324623,"Выраженных критериев ролей нет: отправителей 1, получателей 0; требуется проверка. Граница depth=4: исходящие обрезаны."
100000005723580100,peripheral,0.15,2,0.175,"Выраженных критериев ролей нет: отправителей 1, получателей 0; требуется проверка. Граница depth=4: исходящие обрезаны."
100000005730108100,terminal,0.668948,0,0.312357,"Наблюдаемый сток: вход 8,000.00 KZT; выход/вход=0.00; depth=2. Не полный баланс."
100000005744674100,peripheral,0.35,19,0.188937,"Выраженных критериев ролей нет: отправителей 0, получателей 1; требуется проверка. Seed: входящие неполны."
100000005745873100,peripheral,0.15,41,0.297264,"Выраженных критериев ролей нет: отправителей 1, получателей 0; требуется проверка. Граница depth=4: исходящие обрезаны."
100000005754335100,terminal,0.722829,42,0.399921,"Наблюдаемый сток: вход 44,037.00 KZT; выход/вход=0.00; depth=3. Не полный баланс."
100000005756189100,peripheral,0.35,5,0.33142,"Выраженных критериев ролей нет: отправителей 1, получателей 1; требуется проверка."
100000005756535100,terminal,0.694429,1,0.348785,"Наблюдаемый сток: вход 20,000.00 KZT; выход/вход=0.00; depth=3. Не полный баланс."
100000005767403100,peripheral,0.15,34,0.363374,"Выраженных критериев ролей нет: отправителей 1, получателей 0; требуется проверка. Граница depth=4: исходящие обрезаны."
100000005778283100,consolidator,0.974433,10,0.715655,"Признаки сбора: 3 отправителей; вход 615,760.00 KZT; получателей 0."
100000005782781100,coordinator,0.935432,10,0.836984,Структурный посредник: betweenness=0.0005683; внешних кластеров 5; достижим от 3 seed.
100000005782886100,peripheral,0.15,2,0.14366,"Выраженных критериев ролей нет: отправителей 1, получателей 0; требуется проверка. Граница depth=4: исходящие обрезаны."
100000005783452100,peripheral,0.15,9,0.308036,"Выраженных критериев ролей нет: отправителей 2, получателей 0; требуется проверка. Граница depth=4: исходящие обрезаны."
100000005799271100,terminal,0.723876,11,0.501668,"Наблюдаемый сток: вход 45,000.00 KZT; выход/вход=0.00; depth=2. Не полный баланс."
100000005807278100,terminal,0.669393,46,0.260447,"Наблюдаемый сток: вход 8,385.00 KZT; выход/вход=0.00; depth=1. Не полный баланс."
100000005809252100,terminal,0.703758,5,0.431745,"Наблюдаемый сток: вход 25,000.00 KZT; выход/вход=0.00; depth=2. Не полный баланс."
100000005815602100,peripheral,0.35,4,0.410917,"Выраженных критериев ролей нет: отправителей 1, получателей 1; требуется проверка."
100000005820746100,terminal,0.791015,24,0.615451,"Наблюдаемый сток: вход 1,989,000.00 KZT; выход/вход=0.03; depth=3. Не полный баланс."
100000005830339100,consolidator,0.969753,3,0.670932,"Признаки сбора: 5 отправителей; вход 476,341.00 KZT; получателей 1."
100000005834479100,peripheral,0.35,6,0.167724,"Выраженных критериев ролей нет: отправителей 1, получателей 2; требуется проверка."
100000005844459100,terminal,0.775249,0,0.55447,"Наблюдаемый сток: вход 243,400.00 KZT; выход/вход=0.00; depth=1. Не полный баланс."
100000005847078100,terminal,0.68675,1,0.266635,"Наблюдаемый сток: вход 16,300.00 KZT; выход/вход=0.00; depth=3. Не полный баланс."
100000005849100100,terminal,0.714769,3,0.476083,"Наблюдаемый сток: вход 33,300.00 KZT; выход/вход=0.00; depth=2. Не полный баланс."
100000005849862100,peripheral,0.15,10,0.131352,"Выраженных критериев ролей нет: отправителей 1, получателей 0; требуется проверка. Граница depth=4: исходящие обрезаны."
100000005852946100,terminal,0.701124,3,0.403376,"Наблюдаемый сток: вход 23,746.00 KZT; выход/вход=0.00; depth=1. Не полный баланс."
100000005857058100,consolidator,0.922076,0,0.544649,"Признаки сбора: 3 отправителей; вход 80,222.00 KZT; получателей 0."
100000005873152100,transit,0.7525,11,0.444865,Признаки транзита: выход/вход=1.00; совместимо за 0–2 дня 0% входа.
100000005877725100,terminal,0.740059,1,0.424368,"Наблюдаемый сток: вход 70,000.00 KZT; выход/вход=0.00; depth=1. Не полный баланс."
100000005878334100,peripheral,0.15,20,0.2543,"Выраженных критериев ролей нет: отправителей 1, получателей 0; требуется проверка. Граница depth=4: исходящие обрезаны."
100000005882013100,terminal,0.739648,13,0.605468,"Наблюдаемый сток: вход 135,000.00 KZT; выход/вход=0.07; depth=2. Не полный баланс."
100000005888829100,peripheral,0.15,2,0.287746,"Выраженных критериев ролей нет: отправителей 1, получателей 0; требуется проверка. Граница depth=4: исходящие обрезаны."
100000005893892100,terminal,0.75291,5,0.472545,"Наблюдаемый сток: вход 102,780.00 KZT; выход/вход=0.00; depth=3. Не полный баланс."
100000005895525100,terminal,0.756718,46,0.491053,"Наблюдаемый сток: вход 120,000.00 KZT; выход/вход=0.00; depth=1. Не полный баланс."
100000005897462100,terminal,0.750181,11,0.561316,"Наблюдаемый сток: вход 98,400.00 KZT; выход/вход=0.00; depth=1. Не полный баланс."
100000005901606100,terminal,0.717117,1,0.361445,"Наблюдаемый сток: вход 35,660.00 KZT; выход/вход=0.00; depth=1. Не полный баланс."
100000005904580100,terminal,0.741233,12,0.452494,"Наблюдаемый сток: вход 72,000.00 KZT; выход/вход=0.00; depth=2. Не полный баланс."
100000005910114100,distributor,0.964232,0,0.874683,"Признаки распределения: 19 получателей; выход 1,469,993.00 KZT; отправителей 3."
100000005910895100,peripheral,0.15,33,0.109422,"Выраженных критериев ролей нет: отправителей 1, получателей 0; требуется проверка. Граница depth=4: исходящие обрезаны."
100000005911352100,peripheral,0.35,38,0.350392,"Выраженных критериев ролей нет: отправителей 2, получателей 3; требуется проверка."
100000005931985100,terminal,0.742788,9,0.429341,"Наблюдаемый сток: вход 76,000.00 KZT; выход/вход=0.00; depth=2. Не полный баланс."
100000005932987100,terminal,0.703758,34,0.362378,"Наблюдаемый сток: вход 25,000.00 KZT; выход/вход=0.00; depth=2. Не полный баланс."
100000005933757100,distributor,0.981532,14,0.862374,"Признаки распределения: 34 получателей; выход 3,002,628.00 KZT; отправителей 4."
100000005939154100,terminal,0.698205,4,0.367953,"Наблюдаемый сток: вход 22,000.00 KZT; выход/вход=0.00; depth=2. Не полный баланс."
100000005940652100,terminal,0.669488,40,0.329216,"Наблюдаемый сток: вход 8,395.00 KZT; выход/вход=0.00; depth=1. Не полный баланс."
100000005941908100,terminal,0.673708,14,0.34018,"Наблюдаемый сток: вход 10,000.00 KZT; выход/вход=0.00; depth=3. Не полный баланс."
100000005942793100,consolidator,0.92062,0,0.520923,"Признаки сбора: 4 отправителей; вход 55,000.00 KZT; получателей 0."
100000005958064100,peripheral,0.35,14,0.371674,"Выраженных критериев ролей нет: отправителей 1, получателей 2; требуется проверка."
100000005961971100,terminal,0.726383,1,0.387419,"Наблюдаемый сток: вход 47,353.00 KZT; выход/вход=0.00; depth=1. Не полный баланс."
100000005974542100,terminal,0.748817,23,0.492487,"Наблюдаемый сток: вход 94,500.00 KZT; выход/вход=0.00; depth=3. Не полный баланс."
100000005979037100,peripheral,0.15,6,0.207394,"Выраженных критериев ролей нет: отправителей 1, получателей 0; требуется проверка. Граница depth=4: исходящие обрезаны."
100000005995391100,terminal,0.688495,1,0.270876,"Наблюдаемый сток: вход 17,200.00 KZT; выход/вход=0.00; depth=3. Не полный баланс."
100000005996909100,terminal,0.664696,15,0.288257,"Наблюдаемый сток: вход 5,500.00 KZT; выход/вход=0.00; depth=3. Не полный баланс."
100000006008169100,terminal,0.740059,12,0.420402,"Наблюдаемый сток: вход 70,000.00 KZT; выход/вход=0.00; depth=1. Не полный баланс."
100000006020215100,transit,0.592083,13,0.528246,Признаки транзита: выход/вход=1.13; совместимо за 0–2 дня 0% входа.
100000006030946100,terminal,0.74155,1,0.428127,"Наблюдаемый сток: вход 73,289.00 KZT; выход/вход=0.00; depth=1. Не полный баланс."
100000006048193100,terminal,0.721813,0,0.391094,"Наблюдаемый сток: вход 41,559.00 KZT; выход/вход=0.00; depth=3. Не полный баланс."
100000006069103100,consolidator,0.915854,54,0.763515,"Признаки сбора: 3 отправителей; вход 228,818.00 KZT; получателей 3."
100000006100920100,terminal,0.751324,0,0.452419,"Наблюдаемый сток: вход 100,000.00 KZT; выход/вход=0.00; depth=3. Не полный баланс."
100000006111439100,consolidator,0.828426,5,0.485631,"Признаки сбора: 3 отправителей; вход 20,570.00 KZT; получателей 4."
100000006111442100,terminal,0.737584,2,0.397665,"Наблюдаемый сток: вход 64,000.00 KZT; выход/вход=0.00; depth=3. Не полный баланс."
100000006122699100,terminal,0.724606,4,0.437174,"Наблюдаемый сток: вход 45,865.00 KZT; выход/вход=0.00; depth=2. Не полный баланс."
100000006126743100,terminal,0.733998,5,0.422583,"Наблюдаемый сток: вход 55,000.00 KZT; выход/вход=0.00; depth=3. Не полный баланс."
100000006161893100,terminal,0.681292,4,0.323709,"Наблюдаемый сток: вход 14,000.00 KZT; выход/вход=0.00; depth=2. Не полный баланс."
100000006165886100,peripheral,0.35,0,0.336863,"Выраженных критериев ролей нет: отправителей 2, получателей 1; требуется проверка."
100000006169033100,peripheral,0.35,42,0.4814,"Выраженных критериев ролей нет: отправителей 1, получателей 3; требуется проверка."
100000006171671100,peripheral,0.15,0,0.142453,"Выраженных критериев ролей нет: отправителей 1, получателей 0; требуется проверка. Граница depth=4: исходящие обрезаны."
100000006177176100,terminal,0.670027,4,0.270128,"Наблюдаемый сток: вход 8,911.00 KZT; выход/вход=0.00; depth=1. Не полный баланс."
100000006209210100,terminal,0.773345,10,0.51117,"Наблюдаемый сток: вход 229,111.00 KZT; выход/вход=0.00; depth=3. Не полный баланс."
100000006225798100,consolidator,0.945589,16,0.749925,"Признаки сбора: 3 отправителей; вход 722,000.00 KZT; получателей 2."
100000006232642100,peripheral,0.15,42,0.321162,"Выраженных критериев ролей нет: отправителей 1, получателей 0; требуется проверка. Граница depth=4: исходящие обрезаны."
100000006232815100,distributor,0.894723,29,0.638192,"Признаки распределения: 5 получателей; выход 296,500.00 KZT; отправителей 1. Seed: входящие неполны."
100000006240939100,distributor,0.917201,8,0.628799,"Признаки распределения: 5 получателей; выход 778,015.00 KZT; отправителей 1."
100000006248077100,terminal,0.729365,4,0.464598,"Наблюдаемый сток: вход 50,000.00 KZT; выход/вход=0.00; depth=2. Не полный баланс."
100000006249740100,peripheral,0.35,53,0.226756,"Выраженных критериев ролей нет: отправителей 0, получателей 3; требуется проверка. Seed: входящие неполны."
100000006257675100,peripheral,0.15,22,0.222957,"Выраженных критериев ролей нет: отправителей 1, получателей 0; требуется проверка. Граница depth=4: исходящие обрезаны."
100000006274203100,terminal,0.794332,17,0.785737,"Наблюдаемый сток: вход 3,417,512.00 KZT; выход/вход=0.02; depth=3. Не полный баланс."
100000006288612100,peripheral,0.15,12,0.146509,"Выраженных критериев ролей нет: отправителей 1, получателей 0; требуется проверка. Граница depth=4: исходящие обрезаны."
100000006308406100,peripheral,0.15,22,0.28682,"Выраженных критериев ролей нет: отправителей 1, получателей 0; требуется проверка. Граница depth=4: исходящие обрезаны."
100000006326645100,terminal,0.704932,1,0.32847,"Наблюдаемый сток: вход 25,264.00 KZT; выход/вход=0.00; depth=1. Не полный баланс."
100000006351075100,peripheral,0.15,41,0.174793,"Выраженных критериев ролей нет: отправителей 1, получателей 0; требуется проверка. Граница depth=4: исходящие обрезаны."
100000006369769100,terminal,0.720354,1,0.371046,"Наблюдаемый сток: вход 40,000.00 KZT; выход/вход=0.00; depth=1. Не полный баланс."
100000006381453100,peripheral,0.15,2,0.209756,"Выраженных критериев ролей нет: отправителей 1, получателей 0; требуется проверка. Граница depth=4: исходящие обрезаны."
100000006385877100,peripheral,0.35,2,0.299594,"Выраженных критериев ролей нет: отправителей 1, получателей 1; требуется проверка."
100000006412162100,peripheral,0.15,18,0.091779,"Выраженных критериев ролей нет: отправителей 1, получателей 0; требуется проверка. Граница depth=4: исходящие обрезаны."
100000006416061100,peripheral,0.15,0,0.175223,"Выраженных критериев ролей нет: отправителей 1, получателей 0; требуется проверка. Граница depth=4: исходящие обрезаны."
100000006424479100,peripheral,0.35,13,0.624988,"Выраженных критериев ролей нет: отправителей 1, получателей 2; требуется проверка."
100000006443391100,consolidator,0.89432,2,0.576954,"Признаки сбора: 3 отправителей; вход 86,775.93 KZT; получателей 2."
100000006444163100,terminal,0.666029,0,0.26502,"Наблюдаемый сток: вход 6,026.00 KZT; выход/вход=0.00; depth=3. Не полный баланс."
100000006445501100,terminal,0.747738,11,0.553965,"Наблюдаемый сток: вход 91,000.00 KZT; выход/вход=0.00; depth=1. Не полный баланс."
100000006446271100,terminal,0.743835,3,0.526173,"Наблюдаемый сток: вход 80,000.00 KZT; выход/вход=0.00; depth=1. Не полный баланс."
100000006471232100,terminal,0.72194,1,0.355105,"Наблюдаемый сток: вход 41,800.00 KZT; выход/вход=0.00; depth=3. Не полный баланс."
100000006476758100,terminal,0.66384,11,0.310373,"Наблюдаемый сток: вход 5,200.00 KZT; выход/вход=0.00; depth=3. Не полный баланс."
100000006490557100,terminal,0.661809,10,0.216216,"Наблюдаемый сток: вход 5,000.00 KZT; выход/вход=0.00; depth=2. Не полный баланс."
100000006490615100,peripheral,0.15,13,0.216805,"Выраженных критериев ролей нет: отправителей 1, получателей 0; требуется проверка. Граница depth=4: исходящие обрезаны."
100000006491272100,terminal,0.706804,1,0.313844,"Наблюдаемый сток: вход 26,200.00 KZT; выход/вход=0.00; depth=3. Не полный баланс."
100000006491963100,peripheral,0.15,18,0.098022,"Выраженных критериев ролей нет: отправителей 1, получателей 0; требуется проверка. Граница depth=4: исходящие обрезаны."
100000006492770100,terminal,0.758203,0,0.571676,"Наблюдаемый сток: вход 269,000.00 KZT; выход/вход=0.07; depth=3. Не полный баланс."
100000006512787100,peripheral,0.15,0,0.177055,"Выраженных критериев ролей нет: отправителей 1, получателей 0; требуется проверка. Граница depth=4: исходящие обрезаны."
100000006518161100,consolidator,0.943753,4,0.819114,"Признаки сбора: 3 отправителей; вход 594,200.00 KZT; получателей 2."
100000006522972100,terminal,0.671106,5,0.263655,"Наблюдаемый сток: вход 9,515.00 KZT; выход/вход=0.00; depth=3. Не полный баланс."
100000006523053100,terminal,0.661809,3,0.39985,"Наблюдаемый сток: вход 5,000.00 KZT; выход/вход=0.00; depth=2. Не полный баланс."
100000006527156100,peripheral,0.15,47,0.171049,"Выраженных критериев ролей нет: отправителей 1, получателей 0; требуется проверка. Граница depth=4: исходящие обрезаны."
100000006530134100,terminal,0.761224,5,0.511582,"Наблюдаемый сток: вход 144,663.00 KZT; выход/вход=0.00; depth=3. Не полный баланс."
100000006532229100,terminal,0.753354,2,0.496866,"Наблюдаемый сток: вход 105,000.00 KZT; выход/вход=0.00; depth=3. Не полный баланс."
100000006534886100,peripheral,0.35,4,0.353749,"Выраженных критериев ролей нет: отправителей 1, получателей 1; требуется проверка."
100000006557763100,terminal,0.673708,3,0.375438,"Наблюдаемый сток: вход 10,000.00 KZT; выход/вход=0.00; depth=2. Не полный баланс."
100000006562026100,terminal,0.742058,53,0.503064,"Наблюдаемый сток: вход 75,000.00 KZT; выход/вход=0.00; depth=1. Не полный баланс."
100000006564102100,terminal,0.773917,3,0.580719,"Наблюдаемый сток: вход 233,235.00 KZT; выход/вход=0.00; depth=2. Не полный баланс."
100000006567935100,terminal,0.770331,30,0.549887,"Наблюдаемый сток: вход 200,000.00 KZT; выход/вход=0.00; depth=2. Не полный баланс."
100000006573438100,terminal,0.661809,42,0.241401,"Наблюдаемый сток: вход 5,000.00 KZT; выход/вход=0.00; depth=3. Не полный баланс."
100000006579678100,distributor,0.930728,4,0.832266,"Признаки распределения: 6 получателей; выход 1,668,800.00 KZT; отправителей 2."
100000006595426100,terminal,0.745295,0,0.444702,"Наблюдаемый сток: вход 84,800.00 KZT; выход/вход=0.00; depth=2. Не полный баланс."
100000006612238100,peripheral,0.35,1,0.30717,"Выраженных критериев ролей нет: отправителей 1, получателей 1; требуется проверка."
100000006638021100,peripheral,0.15,48,0.347791,"Выраженных критериев ролей нет: отправителей 2, получателей 0; требуется проверка. Граница depth=4: исходящие обрезаны."
100000006641671100,transit,0.78125,6,0.454508,Признаки транзита: выход/вход=1.14; совместимо за 0–2 дня 91% входа.
100000006656003100,peripheral,0.35,1,0.1582,"Выраженных критериев ролей нет: отправителей 1, получателей 1; требуется проверка."
100000006658598100,terminal,0.670345,4,0.270785,"Наблюдаемый сток: вход 9,000.00 KZT; выход/вход=0.00; depth=1. Не полный баланс."
100000006664478100,transit,0.80875,8,0.520338,Признаки транзита: выход/вход=1.09; совместимо за 0–2 дня 73% входа.
100000006679055100,terminal,0.703758,3,0.389582,"Наблюдаемый сток: вход 25,000.00 KZT; выход/вход=0.00; depth=2. Не полный баланс."
100000006684930100,terminal,0.673708,13,0.379877,"Наблюдаемый сток: вход 10,000.00 KZT; выход/вход=0.00; depth=2. Не полный баланс."
100000006687202100,terminal,0.729365,0,0.39264,"Наблюдаемый сток: вход 50,000.00 KZT; выход/вход=0.00; depth=1. Не полный баланс."
100000006689603100,peripheral,0.15,6,0.296428,"Выраженных критериев ролей нет: отправителей 1, получателей 0; требуется проверка. Граница depth=4: исходящие обрезаны."
100000006693788100,peripheral,0.15,0,0.123249,"Выраженных критериев ролей нет: отправителей 1, получателей 0; требуется проверка. Граница depth=4: исходящие обрезаны."
100000006701983100,terminal,0.707851,1,0.316735,"Наблюдаемый сток: вход 27,000.00 KZT; выход/вход=0.00; depth=3. Не полный баланс."
100000006704530100,transit,0.738826,27,0.670973,Признаки транзита: выход/вход=0.95; совместимо за 0–2 дня 0% входа.
100000006706519100,peripheral,0.15,0,0.208157,"Выраженных критериев ролей нет: отправителей 1, получателей 0; требуется проверка. Граница depth=4: исходящие обрезаны."
100000006707582100,distributor,0.952441,11,0.791317,"Признаки распределения: 14 получателей; выход 961,138.00 KZT; отправителей 2."
100000006710485100,terminal,0.694429,1,0.284469,"Наблюдаемый сток: вход 20,000.00 KZT; выход/вход=0.00; depth=3. Не полный баланс."
100000006714366100,peripheral,0.35,13,0.199275,"Выраженных критериев ролей нет: отправителей 1, получателей 1; требуется проверка."
100000006734214100,consolidator,0.958888,5,0.792203,"Признаки сбора: 5 отправителей; вход 610,000.00 KZT; получателей 3."
100000006734554100,peripheral,0.35,29,0.220263,"Выраженных критериев ролей нет: отправителей 1, получателей 1; требуется проверка."
100000006735545100,peripheral,0.15,6,0.108093,"Выраженных критериев ролей нет: отправителей 1, получателей 0; требуется проверка. Граница depth=4: исходящие обрезаны."
100000006745291100,terminal,0.744787,11,0.542947,"Наблюдаемый сток: вход 82,534.00 KZT; выход/вход=0.00; depth=1. Не полный баланс."
100000006746688100,terminal,0.721464,1,0.3535,"Наблюдаемый сток: вход 41,000.00 KZT; выход/вход=0.00; depth=3. Не полный баланс."
100000006755850100,terminal,0.787053,5,0.686633,"Наблюдаемый сток: вход 443,475.80 KZT; выход/вход=0.00; depth=2. Не полный баланс."
100000006756956100,peripheral,0.15,0,0.289296,"Выраженных критериев ролей нет: отправителей 1, получателей 0; требуется проверка. Граница depth=4: исходящие обрезаны."
100000006787636100,terminal,0.694429,54,0.336452,"Наблюдаемый сток: вход 20,000.00 KZT; выход/вход=0.00; depth=2. Не полный баланс."
100000006788200100,consolidator,0.935327,8,0.757507,"Признаки сбора: 4 отправителей; вход 272,155.80 KZT; получателей 3."
100000006789108100,terminal,0.718418,11,0.47263,"Наблюдаемый сток: вход 37,500.00 KZT; выход/вход=0.00; depth=1. Не полный баланс."
100000006831291100,peripheral,0.35,53,0.099367,"Выраженных критериев ролей нет: отправителей 0, получателей 1; требуется проверка. Seed: входящие неполны."
100000006844004100,terminal,0.696682,0,0.353973,"Наблюдаемый сток: вход 20,600.00 KZT; выход/вход=0.00; depth=3. Не полный баланс."
100000006844768100,peripheral,0.35,0,0.536492,"Выраженных критериев ролей нет: отправителей 1, получателей 2; требуется проверка."
100000006852430100,terminal,0.717974,11,0.515664,"Наблюдаемый сток: вход 37,000.00 KZT; выход/вход=0.00; depth=2. Не полный баланс."
100000006866783100,distributor,0.982157,0,0.931504,"Признаки распределения: 67 получателей; выход 3,948,037.00 KZT; отправителей 13. Seed: входящие неполны."
100000006866831100,peripheral,0.15,0,0.129833,"Выраженных критериев ролей нет: отправителей 1, получателей 0; требуется проверка. Граница depth=4: исходящие обрезаны."
100000006882208100,terminal,0.690684,4,0.37489,"Наблюдаемый сток: вход 18,000.00 KZT; выход/вход=0.00; depth=3. Не полный баланс."
100000006888238100,peripheral,0.35,59,0.252976,"Выраженных критериев ролей нет: отправителей 1, получателей 1; требуется проверка."
100000006889963100,consolidator,0.974228,5,0.848865,"Признаки сбора: 4 отправителей; вход 1,431,000.00 KZT; получателей 1."
100000006894637100,terminal,0.732285,0,0.373056,"Наблюдаемый сток: вход 52,831.00 KZT; выход/вход=0.00; depth=3. Не полный баланс."
100000006901046100,terminal,0.723764,4,0.472165,"Наблюдаемый сток: вход 75,800.00 KZT; выход/вход=0.07; depth=2. Не полный баланс."
100000006903193100,peripheral,0.15,0,0.10613,"Выраженных критериев ролей нет: отправителей 1, получателей 0; требуется проверка. Граница depth=4: исходящие обрезаны."
100000006912294100,peripheral,0.35,2,0.228458,"Выраженных критериев ролей нет: отправителей 1, получателей 2; требуется проверка."
100000006918814100,peripheral,0.15,3,0.122439,"Выраженных критериев ролей нет: отправителей 1, получателей 0; требуется проверка. Граница depth=4: исходящие обрезаны."
100000006919124100,terminal,0.703758,0,0.325882,"Наблюдаемый сток: вход 25,000.00 KZT; выход/вход=0.00; depth=3. Не полный баланс."
100000006952718100,terminal,0.741043,4,0.443373,"Наблюдаемый сток: вход 71,489.00 KZT; выход/вход=0.00; depth=1. Не полный баланс."
100000006965162100,terminal,0.673708,28,0.272615,"Наблюдаемый сток: вход 10,000.00 KZT; выход/вход=0.00; depth=3. Не полный баланс."
100000006967370100,peripheral,0.35,16,0.23188,"Выраженных критериев ролей нет: отправителей 1, получателей 1; требуется проверка."
100000006972210100,consolidator,0.970218,2,0.723207,"Признаки сбора: 3 отправителей; вход 488,775.00 KZT; получателей 0."
100000006977207100,distributor,0.976022,20,0.728128,"Признаки распределения: 15 получателей; выход 4,157,018.00 KZT; отправителей 1."
100000006989106100,terminal,0.737584,10,0.443717,"Наблюдаемый сток: вход 64,000.00 KZT; выход/вход=0.00; depth=2. Не полный баланс."
100000006989232100,terminal,0.698459,0,0.288631,"Наблюдаемый сток: вход 22,194.00 KZT; выход/вход=0.00; depth=3. Не полный баланс."
100000006994985100,peripheral,0.35,8,0.373097,"Выраженных критериев ролей нет: отправителей 1, получателей 1; требуется проверка."
100000007005380100,terminal,0.670852,5,0.262926,"Наблюдаемый сток: вход 9,400.00 KZT; выход/вход=0.00; depth=3. Не полный баланс."
100000007018630100,peripheral,0.35,61,0.27245,"Выраженных критериев ролей нет: отправителей 0, получателей 1; требуется проверка. Seed: входящие неполны."
100000007020162100,terminal,0.745993,14,0.431582,"Наблюдаемый сток: вход 86,395.00 KZT; выход/вход=0.00; depth=3. Не полный баланс."
100000007022818100,terminal,0.688495,1,0.270876,"Наблюдаемый сток: вход 17,200.00 KZT; выход/вход=0.00; depth=3. Не полный баланс."
100000007034089100,peripheral,0.15,2,0.293393,"Выраженных критериев ролей нет: отправителей 2, получателей 0; требуется проверка. Граница depth=4: исходящие обрезаны."
100000007042175100,peripheral,0.15,0,0.252259,"Выраженных критериев ролей нет: отправителей 1, получателей 0; требуется проверка. Граница depth=4: исходящие обрезаны."
100000007055802100,consolidator,0.98477,0,0.767928,"Признаки сбора: 6 отправителей; вход 2,024,999.00 KZT; получателей 1."
100000007071852100,peripheral,0.15,6,0.308294,"Выраженных критериев ролей нет: отправителей 1, получателей 0; требуется проверка. Граница depth=4: исходящие обрезаны."
100000007129492100,peripheral,0.35,11,0.439044,"Выраженных критериев ролей нет: отправителей 2, получателей 1; требуется проверка."
100000007131370100,transit,0.7525,15,0.510796,Признаки транзита: выход/вход=1.00; совместимо за 0–2 дня 0% входа.
100000007138613100,consolidator,0.948173,0,0.764619,"Признаки сбора: 3 отправителей; вход 1,002,000.00 KZT; получателей 2."
100000007140834100,terminal,0.676088,8,0.317494,"Наблюдаемый сток: вход 10,200.00 KZT; выход/вход=0.00; depth=3. Не полный баланс."
100000007153161100,peripheral,0.15,0,0.228586,"Выраженных критериев ролей нет: отправителей 1, получателей 0; требуется проверка. Граница depth=4: исходящие обрезаны."
100000007170072100,transit,0.992163,6,0.629931,Признаки транзита: выход/вход=0.99; совместимо за 0–2 дня 100% входа.
100000007173936100,terminal,0.673708,30,0.295834,"Наблюдаемый сток: вход 10,000.00 KZT; выход/вход=0.00; depth=2. Не полный баланс."
100000007175718100,terminal,0.694429,46,0.326798,"Наблюдаемый сток: вход 20,000.00 KZT; выход/вход=0.00; depth=1. Не полный баланс."
100000007181706100,terminal,0.766174,3,0.584534,"Наблюдаемый сток: вход 176,272.00 KZT; выход/вход=0.00; depth=1. Не полный баланс."
100000007197866100,peripheral,0.35,6,0.203251,"Выраженных критериев ролей нет: отправителей 1, получателей 1; требуется проверка."
100000007229557100,consolidator,0.977357,21,0.70647,"Признаки сбора: 3 отправителей; вход 878,000.00 KZT; получателей 0."
100000007242833100,peripheral,0.35,12,0.434688,"Выраженных критериев ролей нет: отправителей 1, получателей 1; требуется проверка."
100000007267915100,peripheral,0.35,16,0.176901,"Выраженных критериев ролей нет: отправителей 2, получателей 1; требуется проверка."
100000007274584100,terminal,0.718799,3,0.449912,"Наблюдаемый сток: вход 38,000.00 KZT; выход/вход=0.00; depth=1. Не полный баланс."
100000007281639100,terminal,0.772267,4,0.571346,"Наблюдаемый сток: вход 216,770.00 KZT; выход/вход=0.00; depth=1. Не полный баланс."
100000007283257100,terminal,0.768586,65,0.519196,"Наблюдаемый сток: вход 192,000.00 KZT; выход/вход=0.00; depth=1. Не полный баланс."
100000007289427100,terminal,0.678849,3,0.306,"Наблюдаемый сток: вход 12,300.00 KZT; выход/вход=0.00; depth=2. Не полный баланс."
100000007303047100,terminal,0.732031,1,0.38122,"Наблюдаемый сток: вход 52,250.00 KZT; выход/вход=0.00; depth=3. Не полный баланс."
100000007311010100,peripheral,0.35,3,0.421852,"Выраженных критериев ролей нет: отправителей 2, получателей 1; требуется проверка."
100000007322059100,peripheral,0.35,32,0.35477,"Выраженных критериев ролей нет: отправителей 2, получателей 1; требуется проверка."
100000007330432100,peripheral,0.15,70,0.338571,"Выраженных критериев ролей нет: отправителей 1, получателей 0; требуется проверка. Граница depth=4: исходящие обрезаны."
100000007333038100,peripheral,0.35,9,0.228426,"Выраженных критериев ролей нет: отправителей 1, получателей 2; требуется проверка."
100000007334196100,terminal,0.762493,11,0.595244,"Наблюдаемый сток: вход 150,002.00 KZT; выход/вход=0.00; depth=1. Не полный баланс."
100000007337374100,terminal,0.694429,1,0.300873,"Наблюдаемый сток: вход 20,000.00 KZT; выход/вход=0.00; depth=2. Не полный баланс."
100000007347733100,terminal,0.699411,53,0.355191,"Наблюдаемый сток: вход 23,007.00 KZT; выход/вход=0.00; depth=1. Не полный баланс."
100000007357489100,peripheral,0.15,2,0.280074,"Выраженных критериев ролей нет: отправителей 2, получателей 0; требуется проверка. Граница depth=4: исходящие обрезаны."
100000007381662100,peripheral,0.15,0,0.110907,"Выраженных критериев ролей нет: отправителей 1, получателей 0; требуется проверка. Граница depth=4: исходящие обрезаны."
100000007382152100,terminal,0.665267,0,0.251147,"Наблюдаемый сток: вход 5,860.00 KZT; выход/вход=0.00; depth=2. Не полный баланс."
100000007382543100,consolidator,0.905528,28,0.763889,"Признаки сбора: 3 отправителей; вход 218,000.00 KZT; получателей 5."
100000007390016100,peripheral,0.35,71,0.459152,"Выраженных критериев ролей нет: отправителей 1, получателей 1; требуется проверка."
100000007392365100,distributor,0.939628,41,0.718278,"Признаки распределения: 6 получателей; выход 1,765,600.00 KZT; отправителей 1."
100000007442518100,distributor,0.944252,30,0.893492,"Признаки распределения: 9 получателей; выход 4,419,999.00 KZT; отправителей 5."
100000007472293100,peripheral,0.35,48,0.442253,"Выраженных критериев ролей нет: отправителей 1, получателей 3; требуется проверка."
100000007484343100,terminal,0.707534,0,0.340945,"Наблюдаемый сток: вход 26,757.00 KZT; выход/вход=0.00; depth=3. Не полный баланс."
100000007487729100,terminal,0.703758,0,0.318864,"Наблюдаемый сток: вход 25,000.00 KZT; выход/вход=0.00; depth=3. Не полный баланс."
100000007507343100,terminal,0.783817,52,0.57536,"Наблюдаемый сток: вход 370,000.00 KZT; выход/вход=0.00; depth=1. Не полный баланс."
100000007510567100,peripheral,0.15,7,0.212983,"Выраженных критериев ролей нет: отправителей 1, получателей 0; требуется проверка. Граница depth=4: исходящие обрезаны."
100000007510875100,terminal,0.661809,2,0.26635,"Наблюдаемый сток: вход 5,000.00 KZT; выход/вход=0.00; depth=3. Не полный баланс."
100000007511163100,peripheral,0.35,4,0.459485,"Выраженных критериев ролей нет: отправителей 2, получателей 3; требуется проверка."
100000007511780100,peripheral,0.15,0,0.281553,"Выраженных критериев ролей нет: отправителей 1, получателей 0; требуется проверка. Граница depth=4: исходящие обрезаны."
100000007534354100,peripheral,0.35,9,0.319941,"Выраженных критериев ролей нет: отправителей 1, получателей 3; требуется проверка."
100000007536804100,peripheral,0.35,10,0.284423,"Выраженных критериев ролей нет: отправителей 1, получателей 2; требуется проверка."
100000007539296100,peripheral,0.15,5,0.210018,"Выраженных критериев ролей нет: отправителей 1, получателей 0; требуется проверка. Граница depth=4: исходящие обрезаны."
100000007544358100,transit,0.689932,4,0.641108,Признаки транзита: выход/вход=1.09; совместимо за 0–2 дня 7% входа.
100000007591246100,peripheral,0.35,13,0.302118,"Выраженных критериев ролей нет: отправителей 1, получателей 1; требуется проверка."
100000007593823100,distributor,0.906813,0,0.726203,"Признаки распределения: 13 получателей; выход 162,900.00 KZT; отправителей 3."
100000007594394100,consolidator,0.969946,17,0.818202,"Признаки сбора: 6 отправителей; вход 395,385.00 KZT; получателей 1."
100000007597382100,terminal,0.68583,5,0.314453,"Наблюдаемый сток: вход 15,700.00 KZT; выход/вход=0.00; depth=3. Не полный баланс."
100000007617808100,terminal,0.787403,4,0.637723,"Наблюдаемый сток: вход 450,000.00 KZT; выход/вход=0.00; depth=2. Не полный баланс."
100000007618425100,terminal,0.719465,16,0.356287,"Наблюдаемый сток: вход 39,348.00 KZT; выход/вход=0.00; depth=3. Не полный баланс."
100000007629096100,consolidator,0.972732,0,0.757679,"Признаки сбора: 4 отправителей; вход 1,075,170.00 KZT; получателей 1."
100000007629121100,terminal,0.70947,3,0.457561,"Наблюдаемый сток: вход 29,000.00 KZT; выход/вход=0.00; depth=2. Не полный баланс."
100000007631637100,terminal,0.684878,1,0.279827,"Наблюдаемый сток: вход 15,341.00 KZT; выход/вход=0.00; depth=1. Не полный баланс."
100000007639767100,distributor,0.931471,0,0.78759,"Признаки распределения: 10 получателей; выход 822,244.00 KZT; отправителей 4."
100000007641183100,terminal,0.708549,4,0.356158,"Наблюдаемый сток: вход 28,000.00 KZT; выход/вход=0.00; depth=1. Не полный баланс."
100000007641801100,terminal,0.770331,10,0.491412,"Наблюдаемый сток: вход 200,000.00 KZT; выход/вход=0.00; depth=1. Не полный баланс."
100000007647294100,terminal,0.784451,35,0.560317,"Наблюдаемый сток: вход 385,000.00 KZT; выход/вход=0.00; depth=3. Не полный баланс."
100000007648946100,peripheral,0.35,13,0.211234,"Выраженных критериев ролей нет: отправителей 1, получателей 1; требуется проверка."
100000007653003100,terminal,0.751324,16,0.437664,"Наблюдаемый сток: вход 100,000.00 KZT; выход/вход=0.00; depth=3. Не полный баланс."
100000007653094100,peripheral,0.15,13,0.220565,"Выраженных критериев ролей нет: отправителей 1, получателей 0; требуется проверка. Граница depth=4: исходящие обрезаны."
100000007689942100,peripheral,0.35,17,0.282389,"Выраженных критериев ролей нет: отправителей 1, получателей 2; требуется проверка."
100000007731977100,peripheral,0.15,0,0.221705,"Выраженных критериев ролей нет: отправителей 1, получателей 0; требуется проверка. Граница depth=4: исходящие обрезаны."
100000007737775100,terminal,0.66568,33,0.281142,"Наблюдаемый сток: вход 6,000.00 KZT; выход/вход=0.00; depth=3. Не полный баланс."
100000007745062100,peripheral,0.15,12,0.286832,"Выраженных критериев ролей нет: отправителей 1, получателей 0; требуется проверка. Граница depth=4: исходящие обрезаны."
100000007747786100,distributor,0.990634,10,0.604698,"Признаки распределения: 31 получателей; выход 4,238,009.40 KZT; отправителей 0. Seed: входящие неполны."
100000007749092100,peripheral,0.35,4,0.287955,"Выраженных критериев ролей нет: отправителей 1, получателей 1; требуется проверка."
100000007749747100,peripheral,0.15,2,0.208392,"Выраженных критериев ролей нет: отправителей 1, получателей 0; требуется проверка. Граница depth=4: исходящие обрезаны."
100000007754369100,terminal,0.744723,0,0.40715,"Наблюдаемый сток: вход 82,424.00 KZT; выход/вход=0.00; depth=3. Не полный баланс."
100000007777377100,terminal,0.782244,4,0.767768,"Наблюдаемый сток: вход 456,290.00 KZT; выход/вход=0.02; depth=2. Не полный баланс."
100000007793871100,terminal,0.705725,11,0.434342,"Наблюдаемый сток: вход 26,000.00 KZT; выход/вход=0.00; depth=3. Не полный баланс."
100000007797290100,peripheral,0.35,0,0.340158,"Выраженных критериев ролей нет: отправителей 1, получателей 1; требуется проверка."
100000007811950100,peripheral,0.15,26,0.216317,"Выраженных критериев ролей нет: отправителей 1, получателей 0; требуется проверка. Граница depth=4: исходящие обрезаны."
100000007841978100,peripheral,0.15,5,0.374514,"Выраженных критериев ролей нет: отправителей 1, получателей 0; требуется проверка. Граница depth=4: исходящие обрезаны."
100000007861311100,terminal,0.723876,10,0.401684,"Наблюдаемый сток: вход 45,000.00 KZT; выход/вход=0.00; depth=2. Не полный баланс."
100000007863304100,terminal,0.703758,5,0.352196,"Наблюдаемый сток: вход 25,000.00 KZT; выход/вход=0.00; depth=3. Не полный баланс."
100000007864477100,distributor,0.888797,0,0.672354,"Признаки распределения: 6 получателей; выход 203,500.00 KZT; отправителей 2."
100000007865484100,peripheral,0.15,41,0.350192,"Выраженных критериев ролей нет: отправителей 1, получателей 0; требуется проверка. Граница depth=4: исходящие обрезаны."
100000007867364100,peripheral,0.15,17,0.195524,"Выраженных критериев ролей нет: отправителей 1, получателей 0; требуется проверка. Граница depth=4: исходящие обрезаны."
100000007898453100,peripheral,0.35,3,0.501921,"Выраженных критериев ролей нет: отправителей 1, получателей 2; требуется проверка."
100000007908818100,consolidator,0.940012,3,0.884119,"Признаки сбора: 4 отправителей; вход 727,475.00 KZT; получателей 6."
100000007930878100,terminal,0.661809,44,0.282178,"Наблюдаемый сток: вход 5,000.00 KZT; выход/вход=0.00; depth=2. Не полный баланс."
100000007938486100,terminal,0.71956,1,0.369478,"Наблюдаемый сток: вход 39,500.00 KZT; выход/вход=0.00; depth=1. Не полный баланс."
100000007939160100,terminal,0.790183,44,0.612041,"Наблюдаемый сток: вход 795,000.00 KZT; выход/вход=0.02; depth=1. Не полный баланс."
100000007953156100,peripheral,0.35,14,0.321482,"Выраженных критериев ролей нет: отправителей 1, получателей 1; требуется проверка."
100000007960337100,peripheral,0.15,6,0.210665,"Выраженных критериев ролей нет: отправителей 1, получателей 0; требуется проверка. Граница depth=4: исходящие обрезаны."
100000007982728100,distributor,0.960267,8,0.588896,"Признаки распределения: 8 получателей; выход 1,804,384.00 KZT; отправителей 0. Seed: входящие неполны."
100000007982908100,terminal,0.713182,1,0.347963,"Наблюдаемый сток: вход 31,080.00 KZT; выход/вход=0.00; depth=2. Не полный баланс."
100000007988344100,peripheral,0.15,0,0.168201,"Выраженных критериев ролей нет: отправителей 1, получателей 0; требуется проверка. Граница depth=4: исходящие обрезаны."
100000007997939100,peripheral,0.15,2,0.140238,"Выраженных критериев ролей нет: отправителей 1, получателей 0; требуется проверка. Граница depth=4: исходящие обрезаны."
100000007998965100,consolidator,0.958738,11,0.738136,"Признаки сбора: 5 отправителей; вход 278,000.00 KZT; получателей 1."
100000007999728100,terminal,0.699665,14,0.306879,"Наблюдаемый сток: вход 23,250.00 KZT; выход/вход=0.00; depth=3. Не полный баланс."
100000008002020100,peripheral,0.35,12,0.273882,"Выраженных критериев ролей нет: отправителей 1, получателей 1; требуется проверка."
100000008003034100,coordinator,0.848395,13,0.649837,Структурный посредник: betweenness=0.001993; внешних кластеров 3; достижим от 2 seed.
100000008008463100,terminal,0.733427,8,0.393408,"Наблюдаемый сток: вход 54,180.00 KZT; выход/вход=0.00; depth=2. Не полный баланс."
100000008011159100,consolidator,0.917495,42,0.758725,"Признаки сбора: 3 отправителей; вход 363,000.00 KZT; получателей 5."
100000008011573100,terminal,0.683545,16,0.263824,"Наблюдаемый сток: вход 15,000.00 KZT; выход/вход=0.00; depth=3. Не полный баланс."
100000008027922100,peripheral,0.15,23,0.230811,"Выраженных критериев ролей нет: отправителей 1, получателей 0; требуется проверка. Граница depth=4: исходящие обрезаны."
100000008028628100,terminal,0.73495,1,0.408861,"Наблюдаемый сток: вход 57,224.00 KZT; выход/вход=0.00; depth=1. Не полный баланс."
100000008029279100,terminal,0.68767,6,0.272625,"Наблюдаемый сток: вход 17,000.00 KZT; выход/вход=0.00; depth=3. Не полный баланс."
100000008038077100,terminal,0.789402,5,0.589191,"Наблюдаемый сток: вход 499,850.00 KZT; выход/вход=0.00; depth=3. Не полный баланс."
100000008042075100,terminal,0.661809,24,0.229422,"Наблюдаемый сток: вход 5,000.00 KZT; выход/вход=0.00; depth=3. Не полный баланс."
100000008043184100,terminal,0.730825,16,0.377821,"Наблюдаемый сток: вход 50,564.00 KZT; выход/вход=0.00; depth=3. Не полный баланс."
100000008050986100,peripheral,0.15,5,0.275877,"Выраженных критериев ролей нет: отправителей 1, получателей 0; требуется проверка. Граница depth=4: исходящие обрезаны."
100000008055972100,terminal,0.708835,1,0.319401,"Наблюдаемый сток: вход 28,300.00 KZT; выход/вход=0.00; depth=3. Не полный баланс."
100000008060273100,terminal,0.673708,3,0.380194,"Наблюдаемый сток: вход 10,000.00 KZT; выход/вход=0.00; depth=2. Не полный баланс."
100000008066326100,terminal,0.692303,0,0.297307,"Наблюдаемый сток: вход 19,320.00 KZT; выход/вход=0.00; depth=1. Не полный баланс."
100000008070101100,terminal,0.751324,2,0.452138,"Наблюдаемый сток: вход 100,000.00 KZT; выход/вход=0.00; depth=3. Не полный баланс."
100000008071620100,terminal,0.725494,0,0.383369,"Наблюдаемый сток: вход 46,968.00 KZT; выход/вход=0.00; depth=1. Не полный баланс."
100000008071749100,peripheral,0.15,7,0.150853,"Выраженных критериев ролей нет: отправителей 1, получателей 0; требуется проверка. Граница depth=4: исходящие обрезаны."
100000008074304100,peripheral,0.15,5,0.137587,"Выраженных критериев ролей нет: отправителей 1, получателей 0; требуется проверка. Граница depth=4: исходящие обрезаны."
100000008077552100,terminal,0.771917,6,0.500705,"Наблюдаемый сток: вход 214,000.00 KZT; выход/вход=0.00; depth=3. Не полный баланс."
100000008086440100,distributor,0.880025,0,0.706464,"Признаки распределения: 5 получателей; выход 161,300.00 KZT; отправителей 1."
100000008088082100,peripheral,0.35,13,0.341284,"Выраженных критериев ролей нет: отправителей 1, получателей 1; требуется проверка."
100000008094734100,consolidator,0.963934,0,0.657026,"Признаки сбора: 4 отправителей; вход 236,249.00 KZT; получателей 0."
100000008097580100,terminal,0.714071,6,0.397204,"Наблюдаемый сток: вход 32,000.00 KZT; выход/вход=0.00; depth=3. Не полный баланс."
100000008104567100,coordinator,0.928281,7,0.703811,Структурный посредник: betweenness=0.002026; внешних кластеров 3; достижим от 2 seed.
100000008106997100,peripheral,0.35,0,0.297805,"Выраженных критериев ролей нет: отправителей 2, получателей 1; требуется проверка."
100000008111003100,consolidator,0.956755,0,0.78582,"Признаки сбора: 6 отправителей; вход 222,716.00 KZT; получателей 1."
100000008116374100,terminal,0.713436,4,0.369311,"Наблюдаемый сток: вход 31,284.00 KZT; выход/вход=0.00; depth=1. Не полный баланс."
100000008117324100,peripheral,0.15,86,0.0,Нет межклиентских переводов в выборке; данных для содержательной роли недостаточно. Seed: входящие неполны.
100000008121806100,coordinator,0.832743,6,0.669461,Структурный посредник: betweenness=0.0007809; внешних кластеров 2; достижим от 1 seed.
100000008129393100,terminal,0.673708,53,0.28934,"Наблюдаемый сток: вход 10,000.00 KZT; выход/вход=0.00; depth=1. Не полный баланс."
100000008130868100,peripheral,0.15,9,0.155259,"Выраженных критериев ролей нет: отправителей 1, получателей 0; требуется проверка. Граница depth=4: исходящие обрезаны."
100000008136608100,peripheral,0.15,7,0.287229,"Выраженных критериев ролей нет: отправителей 1, получателей 0; требуется проверка. Граница depth=4: исходящие обрезаны."
100000008137435100,distributor,0.927702,23,0.760182,"Признаки распределения: 6 получателей; выход 1,419,700.00 KZT; отправителей 2."
100000008141170100,terminal,0.676913,4,0.322198,"Наблюдаемый сток: вход 11,000.00 KZT; выход/вход=0.00; depth=2. Не полный баланс."
100000008144528100,consolidator,0.991024,4,0.742982,"Признаки сбора: 5 отправителей; вход 1,068,202.60 KZT; получателей 0."
100000008151098100,peripheral,0.15,27,0.153661,"Выраженных критериев ролей нет: отправителей 1, получателей 0; требуется проверка. Граница depth=4: исходящие обрезаны."
100000008165763100,consolidator,0.956915,3,0.929294,"Признаки сбора: 15 отправителей; вход 1,165,815.00 KZT; получателей 17."
100000008168850100,peripheral,0.15,5,0.337182,"Выраженных критериев ролей нет: отправителей 1, получателей 0; требуется проверка. Граница depth=4: исходящие обрезаны."
100000008169544100,peripheral,0.35,4,0.448993,"Выраженных критериев ролей нет: отправителей 1, получателей 4; требуется проверка."
100000008172352100,distributor,0.898141,32,0.748006,"Признаки распределения: 7 получателей; выход 289,510.00 KZT; отправителей 3."
100000008172721100,peripheral,0.15,6,0.273233,"Выраженных критериев ролей нет: отправителей 1, получателей 0; требуется проверка. Граница depth=4: исходящие обрезаны."
100000008173359100,terminal,0.666219,4,0.262302,"Наблюдаемый сток: вход 6,110.00 KZT; выход/вход=0.00; depth=1. Не полный баланс."
100000008174521100,terminal,0.744597,4,0.511456,"Наблюдаемый сток: вход 82,110.00 KZT; выход/вход=0.00; depth=2. Не полный баланс."
100000008175078100,peripheral,0.15,36,0.405911,"Выраженных критериев ролей нет: отправителей 1, получателей 0; требуется проверка. Граница depth=4: исходящие обрезаны."
100000008183752100,peripheral,0.15,21,0.269216,"Выраженных критериев ролей нет: отправителей 1, получателей 0; требуется проверка. Граница depth=4: исходящие обрезаны."
100000008188026100,peripheral,0.35,15,0.483821,"Выраженных критериев ролей нет: отправителей 2, получателей 4; требуется проверка."
100000008190411100,peripheral,0.15,2,0.282201,"Выраженных критериев ролей нет: отправителей 1, получателей 0; требуется проверка. Граница depth=4: исходящие обрезаны."
100000008190442100,terminal,0.679864,1,0.249777,"Наблюдаемый сток: вход 13,000.00 KZT; выход/вход=0.00; depth=3. Не полный баланс."
100000008192264100,transit,0.74677,5,0.588422,Признаки транзита: выход/вход=1.15; совместимо за 0–2 дня 100% входа.
100000008193258100,peripheral,0.35,16,0.294944,"Выраженных критериев ролей нет: отправителей 1, получателей 1; требуется проверка."
100000008193577100,distributor,0.898762,43,0.647534,"Признаки распределения: 5 получателей; выход 480,180.00 KZT; отправителей 2."
100000008200810100,terminal,0.788259,9,0.563144,"Наблюдаемый сток: вход 475,000.00 KZT; выход/вход=0.00; depth=3. Не полный баланс."
100000008205000100,peripheral,0.15,87,0.0,Нет межклиентских переводов в выборке; данных для содержательной роли недостаточно. Seed: входящие неполны.
100000008205937100,terminal,0.716419,13,0.490614,"Наблюдаемый сток: вход 35,000.00 KZT; выход/вход=0.00; depth=2. Не полный баланс."
100000008213966100,consolidator,0.928825,28,0.76044,"Признаки сбора: 3 отправителей; вход 187,004.00 KZT; получателей 1."
100000008219168100,terminal,0.732792,10,0.383127,"Наблюдаемый сток: вход 53,200.00 KZT; выход/вход=0.00; depth=1. Не полный баланс."
100000008221543100,terminal,0.791052,16,0.575521,"Наблюдаемый сток: вход 542,000.00 KZT; выход/вход=0.00; depth=1. Не полный баланс."
100000008221765100,peripheral,0.15,5,0.33031,"Выраженных критериев ролей нет: отправителей 1, получателей 0; требуется проверка. Граница depth=4: исходящие обрезаны."
100000008223661100,distributor,0.88212,2,0.733901,"Признаки распределения: 5 получателей; выход 262,580.00 KZT; отправителей 2."
100000008223756100,terminal,0.781659,6,0.55883,"Наблюдаемый сток: вход 331,682.00 KZT; выход/вход=0.00; depth=3. Не полный баланс."
100000008229700100,peripheral,0.35,12,0.164849,"Выраженных критериев ролей нет: отправителей 1, получателей 1; требуется проверка."
100000008232832100,peripheral,0.35,40,0.464845,"Выраженных критериев ролей нет: отправителей 1, получателей 1; требуется проверка."
100000008237827100,terminal,0.720861,3,0.455108,"Наблюдаемый сток: вход 40,001.00 KZT; выход/вход=0.00; depth=1. Не полный баланс."
100000008238112100,terminal,0.768332,5,0.517994,"Наблюдаемый сток: вход 190,000.00 KZT; выход/вход=0.00; depth=3. Не полный баланс."
100000008238989100,terminal,0.770331,23,0.500888,"Наблюдаемый сток: вход 200,000.00 KZT; выход/вход=0.00; depth=2. Не полный баланс."
100000008244300100,consolidator,0.928944,5,0.558181,"Признаки сбора: 5 отправителей; вход 65,430.00 KZT; получателей 0."
100000008251939100,peripheral,0.15,7,0.195796,"Выраженных критериев ролей нет: отправителей 1, получателей 0; требуется проверка. Граница depth=4: исходящие обрезаны."
100000008254069100,distributor,0.870299,19,0.703152,"Признаки распределения: 5 получателей; выход 107,500.00 KZT; отправителей 1."
100000008254576100,peripheral,0.35,35,0.270936,"Выраженных критериев ролей нет: отправителей 1, получателей 1; требуется проверка."
100000008255655100,peripheral,0.15,16,0.104323,"Выраженных критериев ролей нет: отправителей 1, получателей 0; требуется проверка. Граница depth=4: исходящие обрезаны."
100000008258083100,peripheral,0.35,30,0.601422,"Выраженных критериев ролей нет: отправителей 2, получателей 2; требуется проверка."
100000008258458100,peripheral,0.35,64,0.463718,"Выраженных критериев ролей нет: отправителей 1, получателей 2; требуется проверка."
100000008259451100,terminal,0.733998,14,0.396767,"Наблюдаемый сток: вход 55,000.00 KZT; выход/вход=0.00; depth=3. Не полный баланс."
100000008279405100,terminal,0.774107,6,0.507596,"Наблюдаемый сток: вход 234,738.00 KZT; выход/вход=0.00; depth=3. Не полный баланс."
100000008283183100,terminal,0.70947,1,0.338498,"Наблюдаемый сток: вход 29,000.00 KZT; выход/вход=0.00; depth=2. Не полный баланс."
100000008289539100,terminal,0.682466,15,0.326486,"Наблюдаемый сток: вход 14,912.00 KZT; выход/вход=0.00; depth=2. Не полный баланс."
100000008293431100,distributor,0.895263,0,0.608559,"Признаки распределения: 5 получателей; выход 297,000.00 KZT; отправителей 1."
100000008295429100,terminal,0.782928,5,0.563714,"Наблюдаемый сток: вход 352,000.00 KZT; выход/вход=0.00; depth=3. Не полный баланс."
100000008297199100,terminal,0.722131,0,0.392179,"Наблюдаемый сток: вход 42,268.00 KZT; выход/вход=0.00; depth=3. Не полный баланс."
100000008304115100,terminal,0.731206,12,0.394498,"Наблюдаемый сток: вход 51,000.00 KZT; выход/вход=0.00; depth=1. Не полный баланс."
100000008304139100,distributor,0.968897,3,0.815605,"Признаки распределения: 24 получателей; выход 1,692,997.00 KZT; отправителей 4."
100000008306857100,terminal,0.757257,9,0.463545,"Наблюдаемый сток: вход 125,000.00 KZT; выход/вход=0.00; depth=3. Не полный баланс."
100000008308418100,peripheral,0.15,0,0.232807,"Выраженных критериев ролей нет: отправителей 1, получателей 0; требуется проверка. Граница depth=4: исходящие обрезаны."
100000008309514100,terminal,0.688495,1,0.270876,"Наблюдаемый сток: вход 17,200.00 KZT; выход/вход=0.00; depth=3. Не полный баланс."
100000008314203100,peripheral,0.35,40,0.480538,"Выраженных критериев ролей нет: отправителей 2, получателей 2; требуется проверка. Seed: входящие неполны."
100000008314863100,terminal,0.67796,3,0.338022,"Наблюдаемый сток: вход 12,000.00 KZT; выход/вход=0.00; depth=3. Не полный баланс."
100000008321975100,peripheral,0.15,22,0.100326,"Выраженных критериев ролей нет: отправителей 1, получателей 0; требуется проверка. Граница depth=4: исходящие обрезаны."
100000008324800100,consolidator,0.953303,71,0.754332,"Признаки сбора: 3 отправителей; вход 526,500.00 KZT; получателей 1."
100000008327791100,peripheral,0.15,16,0.125011,"Выраженных критериев ролей нет: отправителей 1, получателей 0; требуется проверка. Граница depth=4: исходящие обрезаны."
100000008331280100,peripheral,0.15,27,0.177253,"Выраженных критериев ролей нет: отправителей 1, получателей 0; требуется проверка. Граница depth=4: исходящие обрезаны."
100000008332511100,terminal,0.751324,9,0.571403,"Наблюдаемый сток: вход 100,000.00 KZT; выход/вход=0.00; depth=3. Не полный баланс."
100000008333492100,peripheral,0.15,48,0.288331,"Выраженных критериев ролей нет: отправителей 1, получателей 0; требуется проверка. Граница depth=4: исходящие обрезаны."
100000008335401100,terminal,0.762049,7,0.534739,"Наблюдаемый сток: вход 150,000.00 KZT; выход/вход=0.00; depth=2. Не полный баланс."
100000008336318100,peripheral,0.15,2,0.263204,"Выраженных критериев ролей нет: отправителей 1, получателей 0; требуется проверка. Граница depth=4: исходящие обрезаны."
100000008337304100,peripheral,0.15,6,0.244379,"Выраженных критериев ролей нет: отправителей 1, получателей 0; требуется проверка. Граница depth=4: исходящие обрезаны."
100000008343415100,peripheral,0.15,20,0.274266,"Выраженных критериев ролей нет: отправителей 1, получателей 0; требуется проверка. Граница depth=4: исходящие обрезаны."
100000008343874100,peripheral,0.35,20,0.456816,"Выраженных критериев ролей нет: отправителей 2, получателей 2; требуется проверка."
100000008346837100,coordinator,0.979631,13,0.9266,Структурный посредник: betweenness=0.008981; внешних кластеров 7; достижим от 6 seed.
100000008349675100,peripheral,0.35,10,0.224132,"Выраженных критериев ролей нет: отправителей 1, получателей 1; требуется проверка."
100000008349740100,peripheral,0.15,36,0.238587,"Выраженных критериев ролей нет: отправителей 1, получателей 0; требуется проверка. Граница depth=4: исходящие обрезаны."
100000008352542100,terminal,0.730698,3,0.494072,"Наблюдаемый сток: вход 50,220.00 KZT; выход/вход=0.00; depth=2. Не полный баланс."
100000008356606100,terminal,0.765413,13,0.520215,"Наблюдаемый сток: вход 168,500.00 KZT; выход/вход=0.00; depth=2. Не полный баланс."
100000008376089100,terminal,0.758908,30,0.51676,"Наблюдаемый сток: вход 135,000.00 KZT; выход/вход=0.00; depth=2. Не полный баланс."
100000008376785100,peripheral,0.15,5,0.347827,"Выраженных критериев ролей нет: отправителей 1, получателей 0; требуется проверка. Граница depth=4: исходящие обрезаны."
100000008379273100,coordinator,0.878747,7,0.628019,Структурный посредник: betweenness=0.001701; внешних кластеров 3; достижим от 2 seed.
100000008383405100,terminal,0.703758,24,0.347985,"Наблюдаемый сток: вход 25,000.00 KZT; выход/вход=0.00; depth=1. Не полный баланс."
100000008388049100,terminal,0.789338,9,0.566205,"Наблюдаемый сток: вход 496,400.00 KZT; выход/вход=0.00; depth=3. Не полный баланс."
100000008389800100,distributor,0.907435,4,0.740044,"Признаки распределения: 7 получателей; выход 401,620.00 KZT; отправителей 3."
100000008405209100,terminal,0.733554,16,0.385774,"Наблюдаемый сток: вход 54,400.00 KZT; выход/вход=0.00; depth=3. Не полный баланс."
100000008406609100,terminal,0.71534,19,0.389867,"Наблюдаемый сток: вход 34,000.00 KZT; выход/вход=0.00; depth=2. Не полный баланс."
100000008413748100,distributor,0.96487,16,0.809349,"Признаки распределения: 18 получателей; выход 1,377,320.22 KZT; отправителей 2."
100000008416433100,terminal,0.694429,14,0.293057,"Наблюдаемый сток: вход 20,000.00 KZT; выход/вход=0.00; depth=3. Не полный баланс."
100000008417029100,terminal,0.751324,2,0.470027,"Наблюдаемый сток: вход 100,000.00 KZT; выход/вход=0.00; depth=3. Не полный баланс."
100000008417359100,peripheral,0.35,16,0.257898,"Выраженных критериев ролей нет: отправителей 1, получателей 2; требуется проверка."
100000008418835100,peripheral,0.35,15,0.586,"Выраженных критериев ролей нет: отправителей 1, получателей 4; требуется проверка. Seed: входящие неполны."
100000008418934100,terminal,0.783309,2,0.53208,"Наблюдаемый сток: вход 360,000.00 KZT; выход/вход=0.00; depth=2. Не полный баланс."
100000008422226100,terminal,0.746247,0,0.434561,"Наблюдаемый сток: вход 87,450.00 KZT; выход/вход=0.00; depth=3. Не полный баланс."
100000008427027100,terminal,0.779946,3,0.573015,"Наблюдаемый сток: вход 300,000.00 KZT; выход/вход=0.00; depth=3. Не полный баланс."
100000008430691100,peripheral,0.35,70,0.410317,"Выраженных критериев ролей нет: отправителей 1, получателей 2; требуется проверка."
100000008432942100,terminal,0.723336,0,0.373119,"Наблюдаемый сток: вход 44,542.00 KZT; выход/вход=0.00; depth=3. Не полный баланс."
100000008436257100,terminal,0.716419,16,0.348031,"Наблюдаемый сток: вход 35,000.00 KZT; выход/вход=0.00; depth=3. Не полный баланс."
100000008438656100,terminal,0.727585,3,0.62076,"Наблюдаемый сток: вход 80,000.00 KZT; выход/вход=0.06; depth=1. Не полный баланс."
100000008443341100,peripheral,0.35,12,0.441193,"Выраженных критериев ролей нет: отправителей 2, получателей 3; требуется проверка."
100000008454065100,terminal,0.702108,14,0.311897,"Наблюдаемый сток: вход 24,050.00 KZT; выход/вход=0.00; depth=3. Не полный баланс."
100000008459449100,terminal,0.73311,0,0.420305,"Наблюдаемый сток: вход 53,700.00 KZT; выход/вход=0.00; depth=3. Не полный баланс."
100000008460102100,distributor,0.958247,18,0.724051,"Признаки распределения: 31 получателей; выход 476,570.00 KZT; отправителей 1."
100000008461217100,peripheral,0.15,51,0.149528,"Выраженных критериев ролей нет: отправителей 1, получателей 0; требуется проверка. Граница depth=4: исходящие обрезаны."
100000008461532100,distributor,0.949589,27,0.828704,"Признаки распределения: 8 получателей; выход 2,530,090.00 KZT; отправителей 2."
100000008463968100,terminal,0.673708,1,0.235627,"Наблюдаемый сток: вход 10,000.00 KZT; выход/вход=0.00; depth=3. Не полный баланс."
100000008465789100,distributor,0.970966,2,0.795918,"Признаки распределения: 16 получателей; выход 1,858,100.00 KZT; отправителей 1."
100000008466579100,distributor,0.969411,2,0.811117,"Признаки распределения: 17 получателей; выход 1,933,000.00 KZT; отправителей 2."
100000008468762100,terminal,0.765635,21,0.506845,"Наблюдаемый сток: вход 170,000.00 KZT; выход/вход=0.00; depth=3. Не полный баланс."
100000008469048100,peripheral,0.15,0,0.359166,"Выраженных критериев ролей нет: отправителей 1, получателей 0; требуется проверка. Граница depth=4: исходящие обрезаны."
100000008470470100,terminal,0.714832,1,0.355615,"Наблюдаемый сток: вход 33,547.00 KZT; выход/вход=0.00; depth=1. Не полный баланс."
100000008471634100,peripheral,0.15,26,0.164777,"Выраженных критериев ролей нет: отправителей 1, получателей 0; требуется проверка. Граница depth=4: исходящие обрезаны."
100000008472324100,terminal,0.771378,5,0.52584,"Наблюдаемый сток: вход 205,200.00 KZT; выход/вход=0.00; depth=3. Не полный баланс."
100000008473207100,terminal,0.771092,3,0.641364,"Наблюдаемый сток: вход 202,000.00 KZT; выход/вход=0.00; depth=2. Не полный баланс."
100000008473765100,terminal,0.711215,6,0.329723,"Наблюдаемый сток: вход 30,000.00 KZT; выход/вход=0.00; depth=3. Не полный баланс."
100000008474308100,peripheral,0.35,12,0.185118,"Выраженных критериев ролей нет: отправителей 1, получателей 1; требуется проверка."
100000008474391100,terminal,0.694429,23,0.365759,"Наблюдаемый сток: вход 20,000.00 KZT; выход/вход=0.00; depth=3. Не полный баланс."
100000008477350100,distributor,0.975395,0,0.886618,"Признаки распределения: 39 получателей; выход 3,374,866.00 KZT; отправителей 11."
100000008478414100,terminal,0.673708,1,0.247628,"Наблюдаемый сток: вход 10,000.00 KZT; выход/вход=0.00; depth=2. Не полный баланс."
100000008486520100,peripheral,0.35,4,0.268968,"Выраженных критериев ролей нет: отправителей 1, получателей 1; требуется проверка."
100000008488166100,terminal,0.66495,1,0.217466,"Наблюдаемый сток: вход 5,600.00 KZT; выход/вход=0.00; depth=3. Не полный баланс."
100000008489604100,terminal,0.676913,1,0.242906,"Наблюдаемый сток: вход 11,000.00 KZT; выход/вход=0.00; depth=3. Не полный баланс."
100000008489922100,distributor,0.985765,2,0.86948,"Признаки распределения: 36 получателей; выход 3,789,900.00 KZT; отправителей 3."
100000008490127100,distributor,0.929469,5,0.770148,"Признаки распределения: 6 получателей; выход 923,000.00 KZT; отправителей 1."
100000008491390100,terminal,0.717466,0,0.358201,"Наблюдаемый сток: вход 36,000.00 KZT; выход/вход=0.00; depth=3. Не полный баланс."
100000008493007100,transit,0.945,1,0.442566,Признаки транзита: выход/вход=1.00; совместимо за 0–2 дня 100% входа.
100000008497298100,terminal,0.79248,2,0.564003,"Наблюдаемый сток: вход 600,000.00 KZT; выход/вход=0.00; depth=2. Не полный баланс."
100000008501413100,transit,0.9175,33,0.455848,Признаки транзита: выход/вход=1.02; совместимо за 0–2 дня 100% входа.
100000008502995100,terminal,0.703758,0,0.375307,"Наблюдаемый сток: вход 25,000.00 KZT; выход/вход=0.00; depth=3. Не полный баланс."
100000008503177100,terminal,0.715086,6,0.341019,"Наблюдаемый сток: вход 33,951.00 KZT; выход/вход=0.00; depth=3. Не полный баланс."
100000008507703100,terminal,0.709025,1,0.320173,"Наблюдаемый сток: вход 28,500.00 KZT; выход/вход=0.00; depth=3. Не полный баланс."
100000008512552100,consolidator,0.930289,16,0.804816,"Признаки сбора: 4 отправителей; вход 394,360.00 KZT; получателей 6."
100000008512827100,distributor,0.949425,9,0.869423,"Признаки распределения: 10 получателей; выход 1,944,500.00 KZT; отправителей 3."
100000008513251100,peripheral,0.15,88,0.0,Нет межклиентских переводов в выборке; данных для содержательной роли недостаточно. Seed: входящие неполны.
100000008514970100,terminal,0.762985,20,0.535336,"Наблюдаемый сток: вход 379,966.00 KZT; выход/вход=0.08; depth=3. Не полный баланс."
100000008516839100,consolidator,0.942713,19,0.660884,"Признаки сбора: 3 отправителей; вход 155,000.00 KZT; получателей 0. Seed: входящие неполны."
100000008517061100,peripheral,0.15,14,0.352391,"Выраженных критериев ролей нет: отправителей 1, получателей 0; требуется проверка. Граница depth=4: исходящие обрезаны."
100000008517538100,distributor,0.961192,2,0.775152,"Признаки распределения: 17 получателей; выход 1,439,000.00 KZT; отправителей 3."
100000008522127100,peripheral,0.35,63,0.251857,"Выраженных критериев ролей нет: отправителей 0, получателей 1; требуется проверка. Seed: входящие неполны."
100000008524903100,peripheral,0.15,0,0.141824,"Выраженных критериев ролей нет: отправителей 1, получателей 0; требуется проверка. Граница depth=4: исходящие обрезаны."
100000008525136100,peripheral,0.15,0,0.125582,"Выраженных критериев ролей нет: отправителей 1, получателей 0; требуется проверка. Граница depth=4: исходящие обрезаны."
100000008531133100,peripheral,0.35,4,0.404492,"Выраженных критериев ролей нет: отправителей 1, получателей 3; требуется проверка."
100000008531186100,terminal,0.757257,3,0.53494,"Наблюдаемый сток: вход 125,000.00 KZT; выход/вход=0.00; depth=2. Не полный баланс."
100000008532050100,terminal,0.787752,5,0.582148,"Наблюдаемый сток: вход 455,156.00 KZT; выход/вход=0.00; depth=3. Не полный баланс."
100000008536546100,terminal,0.775916,21,0.534533,"Наблюдаемый сток: вход 250,000.00 KZT; выход/вход=0.00; depth=3. Не полный баланс."
100000008537380100,terminal,0.668948,1,0.22581,"Наблюдаемый сток: вход 8,000.00 KZT; выход/вход=0.00; depth=3. Не полный баланс."
100000008545727100,distributor,0.940709,7,0.781995,"Признаки распределения: 6 получателей; выход 1,866,500.00 KZT; отправителей 1."
100000008546855100,consolidator,0.914789,17,0.681886,"Признаки сбора: 6 отправителей; вход 71,790.00 KZT; получателей 2."
100000008547295100,terminal,0.683545,8,0.328577,"Наблюдаемый сток: вход 15,000.00 KZT; выход/вход=0.00; depth=3. Не полный баланс."
100000008547844100,distributor,0.96942,2,0.846932,"Признаки распределения: 19 получателей; выход 2,042,199.00 KZT; отправителей 3."
100000008547948100,distributor,0.976265,2,0.863189,"Признаки распределения: 26 получателей; выход 5,185,600.00 KZT; отправителей 6."
100000008548853100,terminal,0.681292,1,0.253163,"Наблюдаемый сток: вход 14,000.00 KZT; выход/вход=0.00; depth=3. Не полный баланс."
100000008551752100,peripheral,0.15,41,0.331537,"Выраженных критериев ролей нет: отправителей 1, получателей 0; требуется проверка. Граница depth=4: исходящие обрезаны."
100000008554390100,peripheral,0.15,18,0.086796,"Выраженных критериев ролей нет: отправителей 1, получателей 0; требуется проверка. Граница depth=4: исходящие обрезаны."
100000008555233100,terminal,0.78699,21,0.547239,"Наблюдаемый сток: вход 440,600.00 KZT; выход/вход=0.00; depth=3. Не полный баланс."
100000008555918100,peripheral,0.35,3,0.492121,"Выраженных критериев ролей нет: отправителей 1, получателей 2; требуется проверка."
100000008556318100,terminal,0.766872,3,0.643018,"Наблюдаемый сток: вход 180,132.00 KZT; выход/вход=0.00; depth=1. Не полный баланс."
100000008557672100,terminal,0.727652,1,0.389004,"Наблюдаемый сток: вход 49,125.00 KZT; выход/вход=0.00; depth=2. Не полный баланс."
100000008560263100,peripheral,0.15,5,0.280475,"Выраженных критериев ролей нет: отправителей 1, получателей 0; требуется проверка. Граница depth=4: исходящие обрезаны."
100000008560717100,consolidator,0.978329,5,0.717591,"Признаки сбора: 7 отправителей; вход 529,000.00 KZT; получателей 1."
100000008561016100,transit,0.961806,2,0.628289,Признаки транзита: выход/вход=1.03; совместимо за 0–2 дня 100% входа.
100000008566737100,terminal,0.773472,0,0.608341,"Наблюдаемый сток: вход 230,000.00 KZT; выход/вход=0.00; depth=1. Не полный баланс."
100000008568512100,terminal,0.769728,5,0.521911,"Наблюдаемый сток: вход 199,640.00 KZT; выход/вход=0.00; depth=3. Не полный баланс."
100000008571243100,terminal,0.758812,7,0.458549,"Наблюдаемый сток: вход 134,000.00 KZT; выход/вход=0.00; depth=3. Не полный баланс."
100000008571433100,peripheral,0.35,52,0.447076,"Выраженных критериев ролей нет: отправителей 2, получателей 2; требуется проверка. Seed: входящие неполны."
100000008571443100,terminal,0.738218,13,0.477377,"Наблюдаемый сток: вход 65,000.00 KZT; выход/вход=0.00; depth=2. Не полный баланс."
100000008575624100,peripheral,0.35,49,0.223392,"Выраженных критериев ролей нет: отправителей 0, получателей 3; требуется проверка. Seed: входящие неполны."
100000008576243100,terminal,0.74485,0,0.528349,"Наблюдаемый сток: вход 82,920.00 KZT; выход/вход=0.00; depth=3. Не полный баланс."
100000008576528100,terminal,0.708549,5,0.362614,"Наблюдаемый сток: вход 28,000.00 KZT; выход/вход=0.00; depth=3. Не полный баланс."
100000008579978100,peripheral,0.35,5,0.326988,"Выраженных критериев ролей нет: отправителей 1, получателей 1; требуется проверка."
100000008582730100,transit,0.945,17,0.382998,Признаки транзита: выход/вход=1.00; совместимо за 0–2 дня 100% входа.
100000008583360100,peripheral,0.35,7,0.368605,"Выраженных критериев ролей нет: отправителей 1, получателей 1; требуется проверка."
100000008583971100,peripheral,0.15,0,0.222945,"Выраженных критериев ролей нет: отправителей 2, получателей 0; требуется проверка. Граница depth=4: исходящие обрезаны."
100000008586731100,terminal,0.67796,12,0.260845,"Наблюдаемый сток: вход 12,000.00 KZT; выход/вход=0.00; depth=1. Не полный баланс."
100000008587459100,peripheral,0.35,0,0.418839,"Выраженных критериев ролей нет: отправителей 2, получателей 2; требуется проверка."
100000008588665100,peripheral,0.15,0,0.178977,"Выраженных критериев ролей нет: отправителей 1, получателей 0; требуется проверка. Граница depth=4: исходящие обрезаны."
100000008595687100,peripheral,0.35,4,0.401164,"Выраженных критериев ролей нет: отправителей 1, получателей 1; требуется проверка."
100000008596924100,terminal,0.751324,8,0.466103,"Наблюдаемый сток: вход 100,000.00 KZT; выход/вход=0.00; depth=3. Не полный баланс."
100000008598972100,terminal,0.756718,20,0.439602,"Наблюдаемый сток: вход 120,000.00 KZT; выход/вход=0.00; depth=3. Не полный баланс."
100000008599354100,peripheral,0.35,0,0.366492,"Выраженных критериев ролей нет: отправителей 1, получателей 1; требуется проверка."
100000008601794100,peripheral,0.35,56,0.435559,"Выраженных критериев ролей нет: отправителей 2, получателей 1; требуется проверка. Seed: входящие неполны."
100000008603331100,distributor,0.918192,2,0.737921,"Признаки распределения: 6 получателей; выход 741,774.00 KZT; отправителей 2."
100000008603629100,coordinator,0.98779,6,0.923802,Структурный посредник: betweenness=0.005761; внешних кластеров 9; достижим от 4 seed.
100000008612257100,terminal,0.670979,16,0.232471,"Наблюдаемый сток: вход 9,500.00 KZT; выход/вход=0.00; depth=3. Не полный баланс."
100000008619159100,peripheral,0.15,64,0.312206,"Выраженных критериев ролей нет: отправителей 1, получателей 0; требуется проверка. Граница depth=4: исходящие обрезаны."
100000008619857100,peripheral,0.35,0,0.208991,"Выраженных критериев ролей нет: отправителей 1, получателей 2; требуется проверка."
100000008620570100,peripheral,0.35,6,0.47101,"Выраженных критериев ролей нет: отправителей 2, получателей 2; требуется проверка."
100000008624978100,terminal,0.754211,20,0.550365,"Наблюдаемый сток: вход 109,000.00 KZT; выход/вход=0.00; depth=2. Не полный баланс."
100000008625905100,peripheral,0.35,58,0.569311,"Выраженных критериев ролей нет: отправителей 1, получателей 2; требуется проверка."
100000008628231100,peripheral,0.35,66,0.537159,"Выраженных критериев ролей нет: отправителей 1, получателей 2; требуется проверка."
100000008628818100,peripheral,0.15,7,0.200315,"Выраженных критериев ролей нет: отправителей 1, получателей 0; требуется проверка. Граница depth=4: исходящие обрезаны."
100000008629504100,peripheral,0.15,0,0.120583,"Выраженных критериев ролей нет: отправителей 1, получателей 0; требуется проверка. Граница depth=4: исходящие обрезаны."
100000008629581100,terminal,0.73349,3,0.43921,"Наблюдаемый сток: вход 54,184.00 KZT; выход/вход=0.00; depth=2. Не полный баланс."
100000008631800100,peripheral,0.15,18,0.082807,"Выраженных критериев ролей нет: отправителей 1, получателей 0; требуется проверка. Граница depth=4: исходящие обрезаны."
100000008632060100,distributor,0.924849,0,0.666065,"Признаки распределения: 9 получателей; выход 339,200.00 KZT; отправителей 1."
100000008633099100,peripheral,0.35,10,0.206229,"Выраженных критериев ролей нет: отправителей 1, получателей 1; требуется проверка."
100000008634520100,terminal,0.747167,2,0.479926,"Наблюдаемый сток: вход 90,000.00 KZT; выход/вход=0.00; depth=3. Не полный баланс."
100000008636603100,coordinator,0.918025,4,0.727756,Структурный посредник: betweenness=0.003475; внешних кластеров 4; достижим от 2 seed.
100000008637537100,consolidator,0.937001,40,0.897495,"Признаки сбора: 3 отправителей; вход 619,890.00 KZT; получателей 3. Seed: входящие неполны."
100000008638859100,peripheral,0.15,17,0.266325,"Выраженных критериев ролей нет: отправителей 1, получателей 0; требуется проверка. Граница depth=4: исходящие обрезаны."
100000008647905100,peripheral,0.35,17,0.431907,"Выраженных критериев ролей нет: отправителей 1, получателей 2; требуется проверка."
100000008648783100,peripheral,0.15,18,0.046883,"Выраженных критериев ролей нет: отправителей 1, получателей 0; требуется проверка. Граница depth=4: исходящие обрезаны."
100000008649416100,peripheral,0.15,16,0.101995,"Выраженных критериев ролей нет: отправителей 1, получателей 0; требуется проверка. Граница depth=4: исходящие обрезаны."
100000008650785100,peripheral,0.35,4,0.542669,"Выраженных критериев ролей нет: отправителей 2, получателей 2; требуется проверка. Seed: входящие неполны."
100000008652094100,terminal,0.716419,0,0.355683,"Наблюдаемый сток: вход 35,000.00 KZT; выход/вход=0.00; depth=3. Не полный баланс."
100000008653041100,terminal,0.708549,1,0.318513,"Наблюдаемый сток: вход 28,000.00 KZT; выход/вход=0.00; depth=3. Не полный баланс."
100000008654653100,peripheral,0.35,4,0.195128,"Выраженных критериев ролей нет: отправителей 0, получателей 1; требуется проверка. Seed: входящие неполны."
100000008655035100,terminal,0.711215,10,0.417103,"Наблюдаемый сток: вход 30,000.00 KZT; выход/вход=0.00; depth=2. Не полный баланс."
100000008655779100,peripheral,0.35,28,0.362639,"Выраженных критериев ролей нет: отправителей 1, получателей 2; требуется проверка."
100000008656043100,terminal,0.706804,1,0.330644,"Наблюдаемый сток: вход 26,200.00 KZT; выход/вход=0.00; depth=2. Не полный баланс."
100000008659445100,consolidator,0.895742,43,0.662718,"Признаки сбора: 3 отправителей; вход 138,490.00 KZT; получателей 4. Seed: входящие неполны."
100000008659950100,terminal,0.775471,2,0.563772,"Наблюдаемый сток: вход 246,000.00 KZT; выход/вход=0.00; depth=3. Не полный баланс."
100000008661550100,terminal,0.69903,1,0.295705,"Наблюдаемый сток: вход 22,800.00 KZT; выход/вход=0.00; depth=3. Не полный баланс."
100000008661585100,terminal,0.722448,1,0.376892,"Наблюдаемый сток: вход 43,141.00 KZT; выход/вход=0.00; depth=1. Не полный баланс."
100000008662216100,terminal,0.706804,1,0.313844,"Наблюдаемый сток: вход 26,200.00 KZT; выход/вход=0.00; depth=3. Не полный баланс."
100000008662805100,terminal,0.687099,1,0.267708,"Наблюдаемый сток: вход 16,500.00 KZT; выход/вход=0.00; depth=3. Не полный баланс."
100000008663007100,terminal,0.681292,1,0.271019,"Наблюдаемый сток: вход 14,000.00 KZT; выход/вход=0.00; depth=1. Не полный баланс."
100000008663723100,terminal,0.685512,1,0.262916,"Наблюдаемый сток: вход 15,600.00 KZT; выход/вход=0.00; depth=3. Не полный баланс."
100000008664469100,terminal,0.703758,3,0.409495,"Наблюдаемый сток: вход 25,000.00 KZT; выход/вход=0.00; depth=1. Не полный баланс."
100000008664774100,terminal,0.68675,1,0.266635,"Наблюдаемый сток: вход 16,300.00 KZT; выход/вход=0.00; depth=3. Не полный баланс."
100000008665380100,peripheral,0.35,0,0.310279,"Выраженных критериев ролей нет: отправителей 2, получателей 1; требуется проверка."
100000008666075100,terminal,0.707153,1,0.333737,"Наблюдаемый сток: вход 26,217.00 KZT; выход/вход=0.00; depth=1. Не полный баланс."
100000008667058100,terminal,0.689415,1,0.291756,"Наблюдаемый сток: вход 17,534.00 KZT; выход/вход=0.00; depth=1. Не полный баланс."
100000008667795100,terminal,0.71534,1,0.337329,"Наблюдаемый сток: вход 34,000.00 KZT; выход/вход=0.00; depth=3. Не полный баланс."
100000008667799100,terminal,0.71534,1,0.337329,"Наблюдаемый сток: вход 34,000.00 KZT; выход/вход=0.00; depth=3. Не полный баланс."
100000008668099100,terminal,0.68583,1,0.263787,"Наблюдаемый сток: вход 15,700.00 KZT; выход/вход=0.00; depth=3. Не полный баланс."
100000008669037100,peripheral,0.15,89,0.0,Нет межклиентских переводов в выборке; данных для содержательной роли недостаточно. Seed: входящие неполны.
100000008669310100,terminal,0.735648,0,0.404643,"Наблюдаемый сток: вход 59,567.00 KZT; выход/вход=0.00; depth=3. Не полный баланс."
100000008670667100,terminal,0.685163,1,0.280936,"Наблюдаемый сток: вход 15,534.00 KZT; выход/вход=0.00; depth=1. Не полный баланс."
100000008671026100,terminal,0.700331,1,0.31815,"Наблюдаемый сток: вход 23,534.00 KZT; выход/вход=0.00; depth=1. Не полный баланс."
100000008671081100,terminal,0.718259,1,0.34529,"Наблюдаемый сток: вход 37,200.00 KZT; выход/вход=0.00; depth=3. Не полный баланс."
100000008671129100,terminal,0.706804,1,0.313844,"Наблюдаемый сток: вход 26,200.00 KZT; выход/вход=0.00; depth=3. Не полный баланс."
100000008671929100,terminal,0.742058,3,0.512696,"Наблюдаемый сток: вход 75,000.00 KZT; выход/вход=0.00; depth=1. Не полный баланс."
100000008672162100,terminal,0.685354,1,0.281487,"Наблюдаемый сток: вход 15,550.00 KZT; выход/вход=0.00; depth=1. Не полный баланс."
100000008672200100,terminal,0.669837,1,0.243913,"Наблюдаемый сток: вход 8,511.00 KZT; выход/вход=0.00; depth=1. Не полный баланс."
100000008672480100,terminal,0.679864,1,0.263801,"Наблюдаемый сток: вход 13,000.00 KZT; выход/вход=0.00; depth=2. Не полный баланс."
100000008672493100,terminal,0.681292,1,0.253163,"Наблюдаемый сток: вход 14,000.00 KZT; выход/вход=0.00; depth=3. Не полный баланс."
100000008672603100,terminal,0.697539,3,0.3445,"Наблюдаемый сток: вход 21,200.00 KZT; выход/вход=0.00; depth=2. Не полный баланс."
100000008672762100,terminal,0.679864,1,0.263801,"Наблюдаемый сток: вход 13,000.00 KZT; выход/вход=0.00; depth=2. Не полный баланс."
100000008673001100,peripheral,0.35,19,0.308585,"Выраженных критериев ролей нет: отправителей 1, получателей 0; требуется проверка. Seed: входящие неполны."
100000008675322100,peripheral,0.15,36,0.342486,"Выраженных критериев ролей нет: отправителей 1, получателей 0; требуется проверка. Граница depth=4: исходящие обрезаны."
100000008676812100,terminal,0.773599,17,0.521664,"Наблюдаемый сток: вход 230,800.00 KZT; выход/вход=0.00; depth=3. Не полный баланс."
100000008677215100,terminal,0.670345,23,0.290968,"Наблюдаемый сток: вход 9,000.00 KZT; выход/вход=0.00; depth=3. Не полный баланс."
100000008677368100,peripheral,0.15,10,0.130432,"Выраженных критериев ролей нет: отправителей 1, получателей 0; требуется проверка. Граница depth=4: исходящие обрезаны."
100000008677518100,terminal,0.727271,1,0.369814,"Наблюдаемый сток: вход 48,700.00 KZT; выход/вход=0.00; depth=3. Не полный баланс."
100000008679986100,terminal,0.691954,1,0.297982,"Наблюдаемый сток: вход 19,000.00 KZT; выход/вход=0.00; depth=1. Не полный баланс."
100000008680061100,peripheral,0.15,5,0.173414,"Выраженных критериев ролей нет: отправителей 1, получателей 0; требуется проверка. Граница depth=4: исходящие обрезаны."
100000008680451100,terminal,0.700331,1,0.31815,"Наблюдаемый сток: вход 23,534.00 KZT; выход/вход=0.00; depth=1. Не полный баланс."
100000008680731100,distributor,0.978602,12,0.58998,"Признаки распределения: 27 получателей; выход 1,464,354.00 KZT; отправителей 0. Seed: входящие неполны."
100000008680912100,peripheral,0.35,0,0.246535,"Выраженных критериев ролей нет: отправителей 1, получателей 1; требуется проверка."
100000008682426100,terminal,0.694429,14,0.293057,"Наблюдаемый сток: вход 20,000.00 KZT; выход/вход=0.00; depth=3. Не полный баланс."
100000008683818100,terminal,0.688876,1,0.288175,"Наблюдаемый сток: вход 17,400.00 KZT; выход/вход=0.00; depth=2. Не полный баланс."
100000008684452100,terminal,0.73165,1,0.380039,"Наблюдаемый сток: вход 51,800.00 KZT; выход/вход=0.00; depth=3. Не полный баланс."
100000008684767100,terminal,0.713277,1,0.330794,"Наблюдаемый сток: вход 31,100.00 KZT; выход/вход=0.00; depth=3. Не полный баланс."
100000008684951100,terminal,0.688495,1,0.270876,"Наблюдаемый сток: вход 17,200.00 KZT; выход/вход=0.00; depth=3. Не полный баланс."
100000008686214100,terminal,0.703758,6,0.352417,"Наблюдаемый сток: вход 25,000.00 KZT; выход/вход=0.00; depth=3. Не полный баланс."
100000008686234100,terminal,0.719719,0,0.367669,"Наблюдаемый сток: вход 39,778.00 KZT; выход/вход=0.00; depth=1. Не полный баланс."
100000008686247100,peripheral,0.35,24,0.169977,"Выраженных критериев ролей нет: отправителей 1, получателей 1; требуется проверка."
100000008686313100,consolidator,0.954895,0,0.866894,"Признаки сбора: 6 отправителей; вход 1,912,716.00 KZT; получателей 7."
100000008686494100,terminal,0.68583,1,0.263787,"Наблюдаемый сток: вход 15,700.00 KZT; выход/вход=0.00; depth=3. Не полный баланс."
100000008687492100,terminal,0.683545,1,0.273683,"Наблюдаемый сток: вход 15,000.00 KZT; выход/вход=0.00; depth=2. Не полный баланс."
100000008687617100,terminal,0.722511,1,0.357362,"Наблюдаемый сток: вход 43,350.00 KZT; выход/вход=0.00; depth=3. Не полный баланс."
100000008687671100,terminal,0.718418,1,0.365469,"Наблюдаемый сток: вход 37,500.00 KZT; выход/вход=0.00; depth=1. Не полный баланс."
100000008687733100,terminal,0.682276,1,0.255713,"Наблюдаемый сток: вход 14,650.00 KZT; выход/вход=0.00; depth=3. Не полный баланс."
100000008687990100,terminal,0.689701,1,0.273526,"Наблюдаемый сток: вход 17,600.00 KZT; выход/вход=0.00; depth=3. Не полный баланс."
100000008688109100,terminal,0.679483,1,0.248957,"Наблюдаемый сток: вход 12,800.00 KZT; выход/вход=0.00; depth=3. Не полный баланс."
100000008688155100,terminal,0.700458,1,0.299286,"Наблюдаемый сток: вход 23,600.00 KZT; выход/вход=0.00; depth=3. Не полный баланс."
100000008688476100,terminal,0.7016,1,0.31887,"Наблюдаемый сток: вход 24,000.00 KZT; выход/вход=0.00; depth=2. Не полный баланс."
100000008688881100,terminal,0.722892,1,0.376434,"Наблюдаемый сток: вход 44,211.00 KZT; выход/вход=0.00; depth=2. Не полный баланс."
100000008690762100,terminal,0.707471,1,0.315372,"Наблюдаемый сток: вход 26,750.00 KZT; выход/вход=0.00; depth=3. Не полный баланс."
100000008690932100,terminal,0.699252,1,0.315809,"Наблюдаемый сток: вход 23,000.00 KZT; выход/вход=0.00; depth=1. Не полный баланс."
100000008691027100,terminal,0.689415,1,0.291756,"Наблюдаемый сток: вход 17,534.00 KZT; выход/вход=0.00; depth=1. Не полный баланс."
100000008691168100,terminal,0.7016,1,0.31887,"Наблюдаемый сток: вход 24,000.00 KZT; выход/вход=0.00; depth=2. Не полный баланс."
100000008691330100,terminal,0.697697,1,0.311868,"Наблюдаемый сток: вход 21,440.00 KZT; выход/вход=0.00; depth=1. Не полный баланс."
100000008691495100,terminal,0.707851,1,0.335761,"Наблюдаемый сток: вход 27,000.00 KZT; выход/вход=0.00; depth=1. Не полный баланс."
100000008692291100,consolidator,0.905791,2,0.711201,"Признаки сбора: 3 отправителей; вход 160,000.00 KZT; получателей 3."
100000008693069100,terminal,0.694429,1,0.303812,"Наблюдаемый сток: вход 20,000.00 KZT; выход/вход=0.00; depth=1. Не полный баланс."
100000008695133100,terminal,0.717688,1,0.343872,"Наблюдаемый сток: вход 36,610.00 KZT; выход/вход=0.00; depth=3. Не полный баланс."
100000008695157100,peripheral,0.15,6,0.321434,"Выраженных критериев ролей нет: отправителей 1, получателей 0; требуется проверка. Граница depth=4: исходящие обрезаны."
100000008695495100,terminal,0.697126,1,0.310271,"Наблюдаемый сток: вход 21,000.00 KZT; выход/вход=0.00; depth=1. Не полный баланс."
100000008695566100,terminal,0.714959,1,0.33645,"Наблюдаемый сток: вход 33,700.00 KZT; выход/вход=0.00; depth=3. Не полный баланс."
100000008695689100,terminal,0.706804,1,0.313844,"Наблюдаемый сток: вход 26,200.00 KZT; выход/вход=0.00; depth=3. Не полный баланс."
100000008696692100,terminal,0.691954,1,0.295062,"Наблюдаемый сток: вход 19,000.00 KZT; выход/вход=0.00; depth=2. Не полный баланс."
100000008696919100,terminal,0.71388,1,0.35228,"Наблюдаемый сток: вход 31,945.00 KZT; выход/вход=0.00; depth=1. Не полный баланс."
100000008697670100,terminal,0.705122,1,0.309835,"Наблюдаемый сток: вход 25,350.00 KZT; выход/вход=0.00; depth=3. Не полный баланс."
100000008699083100,peripheral,0.15,9,0.269808,"Выраженных критериев ролей нет: отправителей 1, получателей 0; требуется проверка. Граница depth=4: исходящие обрезаны."
100000008701222100,peripheral,0.15,90,0.0,Нет межклиентских переводов в выборке; данных для содержательной роли недостаточно. Seed: входящие неполны.
100000008701256100,terminal,0.735394,0,0.435331,"Наблюдаемый сток: вход 58,250.00 KZT; выход/вход=0.00; depth=2. Не полный баланс."
100000008701944100,terminal,0.73184,15,0.462878,"Наблюдаемый сток: вход 52,124.00 KZT; выход/вход=0.00; depth=1. Не полный баланс."
100000008703533100,peripheral,0.15,2,0.196452,"Выраженных критериев ролей нет: отправителей 1, получателей 0; требуется проверка. Граница depth=4: исходящие обрезаны."
100000008706846100,terminal,0.681863,1,0.254442,"Наблюдаемый сток: вход 14,200.00 KZT; выход/вход=0.00; depth=3. Не полный баланс."
100000008706947100,terminal,0.688495,1,0.270876,"Наблюдаемый сток: вход 17,200.00 KZT; выход/вход=0.00; depth=3. Не полный баланс."
100000008707810100,terminal,0.706804,1,0.313844,"Наблюдаемый сток: вход 26,200.00 KZT; выход/вход=0.00; depth=3. Не полный баланс."
100000008708025100,terminal,0.673708,28,0.272615,"Наблюдаемый сток: вход 10,000.00 KZT; выход/вход=0.00; depth=3. Не полный баланс."
100000008708061100,terminal,0.6699,1,0.228032,"Наблюдаемый сток: вход 8,650.00 KZT; выход/вход=0.00; depth=3. Не полный баланс."
100000008708207100,terminal,0.788132,2,0.607007,"Наблюдаемый сток: вход 465,000.00 KZT; выход/вход=0.00; depth=3. Не полный баланс."
100000008708368100,terminal,0.700807,1,0.319397,"Наблюдаемый сток: вход 23,677.00 KZT; выход/вход=0.00; depth=1. Не полный баланс."
100000008708595100,terminal,0.688495,1,0.270876,"Наблюдаемый сток: вход 17,200.00 KZT; выход/вход=0.00; depth=3. Не полный баланс."
100000008708743100,terminal,0.685354,1,0.262441,"Наблюдаемый сток: вход 15,550.00 KZT; выход/вход=0.00; depth=3. Не полный баланс."
100000008710791100,distributor,0.980521,2,0.897194,"Признаки распределения: 23 получателей; выход 5,521,511.00 KZT; отправителей 3."
100000008710843100,distributor,0.9621,21,0.810538,"Признаки распределения: 13 получателей; выход 1,985,500.00 KZT; отправителей 2."
100000008710913100,peripheral,0.15,2,0.098074,"Выраженных критериев ролей нет: отправителей 1, получателей 0; требуется проверка. Граница depth=4: исходящие обрезаны."
100000008712036100,terminal,0.697126,1,0.291285,"Наблюдаемый сток: вход 21,000.00 KZT; выход/вход=0.00; depth=3. Не полный баланс."
100000008712184100,terminal,0.690684,1,0.275891,"Наблюдаемый сток: вход 18,000.00 KZT; выход/вход=0.00; depth=3. Не полный баланс."
100000008712827100,terminal,0.742788,1,0.410815,"Наблюдаемый сток: вход 76,000.00 KZT; выход/вход=0.00; depth=3. Не полный баланс."
100000008712991100,terminal,0.738694,1,0.400397,"Наблюдаемый сток: вход 66,100.00 KZT; выход/вход=0.00; depth=3. Не полный баланс."
100000008713270100,peripheral,0.35,8,0.29842,"Выраженных критериев ролей нет: отправителей 1, получателей 3; требуется проверка."
100000008713685100,terminal,0.728033,1,0.371612,"Наблюдаемый сток: вход 49,700.00 KZT; выход/вход=0.00; depth=3. Не полный баланс."
100000008714412100,terminal,0.765476,7,0.479073,"Наблюдаемый сток: вход 169,000.00 KZT; выход/вход=0.00; depth=3. Не полный баланс."
100000008715513100,peripheral,0.15,18,0.155684,"Выраженных критериев ролей нет: отправителей 1, получателей 0; требуется проверка. Граница depth=4: исходящие обрезаны."
100000008715887100,terminal,0.690684,1,0.275891,"Наблюдаемый сток: вход 18,000.00 KZT; выход/вход=0.00; depth=3. Не полный баланс."
100000008716072100,terminal,0.678341,1,0.246256,"Наблюдаемый сток: вход 12,100.00 KZT; выход/вход=0.00; depth=3. Не полный баланс."
100000008716222100,terminal,0.690684,1,0.294936,"Наблюдаемый сток: вход 18,000.00 KZT; выход/вход=0.00; depth=1. Не полный баланс."
100000008716439100,terminal,0.678658,1,0.263667,"Наблюдаемый сток: вход 12,267.00 KZT; выход/вход=0.00; depth=1. Не полный баланс."
100000008716773100,terminal,0.685671,1,0.282497,"Наблюдаемый сток: вход 15,677.00 KZT; выход/вход=0.00; depth=1. Не полный баланс."
100000008717340100,terminal,0.72175,1,0.374227,"Наблюдаемый сток: вход 41,500.00 KZT; выход/вход=0.00; depth=1. Не полный баланс."
100000008717341100,terminal,0.682149,1,0.273546,"Наблюдаемый сток: вход 14,627.00 KZT; выход/вход=0.00; depth=1. Не полный баланс."
100000008717375100,terminal,0.709882,3,0.376404,"Наблюдаемый сток: вход 29,506.00 KZT; выход/вход=0.00; depth=2. Не полный баланс."
100000008717802100,terminal,0.706296,1,0.312489,"Наблюдаемый сток: вход 26,150.00 KZT; выход/вход=0.00; depth=3. Не полный баланс."
100000008718089100,terminal,0.685163,1,0.280936,"Наблюдаемый сток: вход 15,534.00 KZT; выход/вход=0.00; depth=1. Не полный баланс."
100000008718811100,terminal,0.741614,1,0.407963,"Наблюдаемый сток: вход 73,300.00 KZT; выход/вход=0.00; depth=3. Не полный баланс."
100000008720668100,terminal,0.686369,1,0.26536,"Наблюдаемый сток: вход 16,000.00 KZT; выход/вход=0.00; depth=3. Не полный баланс."
100000008720798100,terminal,0.685163,1,0.280936,"Наблюдаемый сток: вход 15,534.00 KZT; выход/вход=0.00; depth=1. Не полный баланс."
100000008720856100,peripheral,0.35,5,0.295749,"Выраженных критериев ролей нет: отправителей 1, получателей 1; требуется проверка."
100000008721637100,peripheral,0.35,8,0.366828,"Выраженных критериев ролей нет: отправителей 1, получателей 2; требуется проверка."
100000008722328100,terminal,0.700807,1,0.319397,"Наблюдаемый сток: вход 23,677.00 KZT; выход/вход=0.00; depth=1. Не полный баланс."
100000008722417100,peripheral,0.35,5,0.510955,"Выраженных критериев ролей нет: отправителей 1, получателей 3; требуется проверка."
100000008722541100,peripheral,0.15,5,0.3459,"Выраженных критериев ролей нет: отправителей 1, получателей 0; требуется проверка. Граница depth=4: исходящие обрезаны."
100000008723830100,transit,0.942018,4,0.712165,Признаки транзита: выход/вход=0.99; совместимо за 0–2 дня 99% входа.
100000008724279100,terminal,0.677516,4,0.285864,"Наблюдаемый сток: вход 11,750.00 KZT; выход/вход=0.00; depth=1. Не полный баланс."
100000008724461100,peripheral,0.35,2,0.355248,"Выраженных критериев ролей нет: отправителей 1, получателей 1; требуется проверка."
100000008727982100,peripheral,0.15,8,0.179186,"Выраженных критериев ролей нет: отправителей 1, получателей 0; требуется проверка. Граница depth=4: исходящие обрезаны."
100000008728457100,terminal,0.723876,11,0.488025,"Наблюдаемый сток: вход 45,000.00 KZT; выход/вход=0.00; depth=1. Не полный баланс."
100000008729597100,terminal,0.744914,6,0.4223,"Наблюдаемый сток: вход 83,090.00 KZT; выход/вход=0.00; depth=3. Не полный баланс."
100000008729801100,terminal,0.689415,1,0.291756,"Наблюдаемый сток: вход 17,534.00 KZT; выход/вход=0.00; depth=1. Не полный баланс."
100000008730021100,terminal,0.742502,15,0.489871,"Наблюдаемый сток: вход 75,555.00 KZT; выход/вход=0.00; depth=1. Не полный баланс."
100000008730238100,peripheral,0.15,2,0.26654,"Выраженных критериев ролей нет: отправителей 1, получателей 0; требуется проверка. Граница depth=4: исходящие обрезаны."
100000008730371100,terminal,0.790576,0,0.611037,"Наблюдаемый сток: вход 520,000.00 KZT; выход/вход=0.00; depth=3. Не полный баланс."
100000008730846100,consolidator,0.935898,11,0.828991,"Признаки сбора: 7 отправителей; вход 155,042.00 KZT; получателей 3."
100000008731444100,distributor,0.933267,0,0.801477,"Признаки распределения: 9 получателей; выход 879,767.80 KZT; отправителей 3."
100000008732098100,terminal,0.685671,1,0.282497,"Наблюдаемый сток: вход 15,677.00 KZT; выход/вход=0.00; depth=1. Не полный баланс."
100000008732488100,terminal,0.740215,6,0.510297,"Наблюдаемый сток: вход 137,000.00 KZT; выход/вход=0.07; depth=3. Не полный баланс."
100000008733049100,terminal,0.673708,15,0.302438,"Наблюдаемый сток: вход 10,000.00 KZT; выход/вход=0.00; depth=2. Не полный баланс."
100000008733194100,consolidator,0.915905,13,0.811378,"Признаки сбора: 4 отправителей; вход 251,424.00 KZT; получателей 8."
100000008734279100,peripheral,0.15,6,0.152874,"Выраженных критериев ролей нет: отправителей 1, получателей 0; требуется проверка. Граница depth=4: исходящие обрезаны."
100000008734364100,terminal,0.706804,1,0.330644,"Наблюдаемый сток: вход 26,200.00 KZT; выход/вход=0.00; depth=2. Не полный баланс."
100000008735384100,terminal,0.719338,1,0.368805,"Наблюдаемый сток: вход 39,220.00 KZT; выход/вход=0.00; depth=1. Не полный баланс."
100000008735802100,peripheral,0.15,0,0.266471,"Выраженных критериев ролей нет: отправителей 1, получателей 0; требуется проверка. Граница depth=4: исходящие обрезаны."
100000008735832100,terminal,0.689701,1,0.273526,"Наблюдаемый сток: вход 17,600.00 KZT; выход/вход=0.00; depth=3. Не полный баланс."
100000008736173100,terminal,0.713119,1,0.34992,"Наблюдаемый сток: вход 31,060.00 KZT; выход/вход=0.00; depth=1. Не полный баланс."
100000008736394100,terminal,0.686369,1,0.281029,"Наблюдаемый сток: вход 16,000.00 KZT; выход/вход=0.00; depth=2. Не полный баланс."
100000008736760100,terminal,0.733681,1,0.405835,"Наблюдаемый сток: вход 54,757.00 KZT; выход/вход=0.00; depth=1. Не полный баланс."
100000008736940100,consolidator,0.931222,43,0.655939,"Признаки сбора: 3 отправителей; вход 451,090.00 KZT; получателей 3."
100000008737422100,terminal,0.743073,1,0.431724,"Наблюдаемый сток: вход 76,903.00 KZT; выход/вход=0.00; depth=1. Не полный баланс."
100000008737514100,terminal,0.745549,15,0.492724,"Наблюдаемый сток: вход 85,000.00 KZT; выход/вход=0.00; depth=2. Не полный баланс."
100000008737958100,terminal,0.732856,1,0.406957,"Наблюдаемый сток: вход 53,373.00 KZT; выход/вход=0.00; depth=1. Не полный баланс."
100000008738325100,peripheral,0.35,19,0.323801,"Выраженных критериев ролей нет: отправителей 1, получателей 1; требуется проверка. Seed: входящие неполны."
100000008738526100,peripheral,0.35,21,0.318253,"Выраженных критериев ролей нет: отправителей 1, получателей 1; требуется проверка."
100000008738658100,terminal,0.710009,1,0.323262,"Наблюдаемый сток: вход 29,920.00 KZT; выход/вход=0.00; depth=3. Не полный баланс."
100000008739887100,peripheral,0.35,6,0.470847,"Выраженных критериев ролей нет: отправителей 2, получателей 2; требуется проверка."
100000008740295100,peripheral,0.15,2,0.314429,"Выраженных критериев ролей нет: отправителей 1, получателей 0; требуется проверка. Граница depth=4: исходящие обрезаны."
100000008740793100,terminal,0.697126,1,0.291285,"Наблюдаемый сток: вход 21,000.00 KZT; выход/вход=0.00; depth=3. Не полный баланс."
100000008741372100,terminal,0.717307,1,0.361841,"Наблюдаемый сток: вход 35,975.00 KZT; выход/вход=0.00; depth=1. Не полный баланс."
100000008742053100,distributor,0.967754,9,0.734631,"Признаки распределения: 12 получателей; выход 2,789,000.00 KZT; отправителей 1."
100000008742266100,terminal,0.697126,1,0.307669,"Наблюдаемый сток: вход 21,000.00 KZT; выход/вход=0.00; depth=2. Не полный баланс."
100000008743913100,distributor,0.956741,21,0.882034,"Признаки распределения: 13 получателей; выход 1,850,600.00 KZT; отправителей 3."
100000008744364100,terminal,0.700997,1,0.300783,"Наблюдаемый сток: вход 23,700.00 KZT; выход/вход=0.00; depth=3. Не полный баланс."
100000008744799100,terminal,0.679293,1,0.248268,"Наблюдаемый сток: вход 12,600.00 KZT; выход/вход=0.00; depth=3. Не полный баланс."
100000008744849100,terminal,0.723083,1,0.378952,"Наблюдаемый сток: вход 44,445.00 KZT; выход/вход=0.00; depth=1. Не полный баланс."
100000008745474100,terminal,0.721242,1,0.373082,"Наблюдаемый сток: вход 40,559.00 KZT; выход/вход=0.00; depth=1. Не полный баланс."
100000008745489100,terminal,0.734379,1,0.407419,"Наблюдаемый сток: вход 55,539.00 KZT; выход/вход=0.00; depth=1. Не полный баланс."
100000008745643100,terminal,0.696428,1,0.308414,"Наблюдаемый сток: вход 20,313.00 KZT; выход/вход=0.00; depth=1. Не полный баланс."
100000008745676100,peripheral,0.15,1,0.188821,"Выраженных критериев ролей нет: отправителей 1, получателей 0; требуется проверка. Граница depth=4: исходящие обрезаны."
100000008745725100,terminal,0.726034,1,0.386587,"Наблюдаемый сток: вход 47,060.00 KZT; выход/вход=0.00; depth=1. Не полный баланс."
100000008745863100,terminal,0.699093,1,0.295974,"Наблюдаемый сток: вход 22,900.00 KZT; выход/вход=0.00; depth=3. Не полный баланс."
100000008745884100,terminal,0.694429,1,0.284469,"Наблюдаемый сток: вход 20,000.00 KZT; выход/вход=0.00; depth=3. Не полный баланс."
100000008746025100,terminal,0.698205,1,0.313226,"Наблюдаемый сток: вход 22,000.00 KZT; выход/вход=0.00; depth=1. Не полный баланс."
100000008746449100,distributor,0.94954,2,0.750963,"Признаки распределения: 10 получателей; выход 1,009,000.00 KZT; отправителей 1."
100000008746673100,terminal,0.732729,1,0.402753,"Наблюдаемый сток: вход 53,048.00 KZT; выход/вход=0.00; depth=1. Не полный баланс."
100000008747113100,terminal,0.769347,5,0.611611,"Наблюдаемый сток: вход 197,801.00 KZT; выход/вход=0.00; depth=1. Не полный баланс."
100000008748408100,distributor,0.973104,8,0.674198,"Признаки распределения: 21 получателей; выход 1,499,960.00 KZT; отправителей 1."
100000008748795100,terminal,0.725938,0,0.379629,"Наблюдаемый сток: вход 47,057.00 KZT; выход/вход=0.00; depth=3. Не полный баланс."
100000008748914100,distributor,0.968584,3,0.826935,"Признаки распределения: 13 получателей; выход 4,471,847.00 KZT; отправителей 2."
100000008749063100,terminal,0.691954,1,0.297982,"Наблюдаемый сток: вход 19,000.00 KZT; выход/вход=0.00; depth=1. Не полный баланс."
100000008749405100,terminal,0.718164,1,0.345005,"Наблюдаемый сток: вход 37,150.00 KZT; выход/вход=0.00; depth=3. Не полный баланс."
100000008749406100,terminal,0.688083,1,0.288912,"Наблюдаемый сток: вход 17,144.00 KZT; выход/вход=0.00; depth=1. Не полный баланс."
100000008749618100,terminal,0.726319,1,0.387189,"Наблюдаемый сток: вход 47,280.00 KZT; выход/вход=0.00; depth=1. Не полный баланс."
100000008749900100,terminal,0.688241,1,0.270183,"Наблюдаемый сток: вход 17,150.00 KZT; выход/вход=0.00; depth=3. Не полный баланс."
100000008749989100,terminal,0.686369,1,0.281029,"Наблюдаемый сток: вход 16,000.00 KZT; выход/вход=0.00; depth=2. Не полный баланс."
100000008750464100,terminal,0.669646,1,0.227351,"Наблюдаемый сток: вход 8,500.00 KZT; выход/вход=0.00; depth=3. Не полный баланс."
100000008751349100,terminal,0.677452,27,0.247989,"Наблюдаемый сток: вход 11,630.00 KZT; выход/вход=0.00; depth=3. Не полный баланс."
100000008751380100,terminal,0.782421,2,0.604212,"Наблюдаемый сток: вход 345,780.00 KZT; выход/вход=0.00; depth=3. Не полный баланс."
100000008751429100,consolidator,0.946708,43,0.634021,"Признаки сбора: 3 отправителей; вход 386,200.00 KZT; получателей 1."
100000008752616100,distributor,0.933153,2,0.820915,"Признаки распределения: 7 получателей; выход 1,265,000.00 KZT; отправителей 2."
100000008753061100,terminal,0.70893,1,0.319666,"Наблюдаемый сток: вход 28,400.00 KZT; выход/вход=0.00; depth=3. Не полный баланс."
100000008753193100,terminal,0.716863,1,0.360835,"Наблюдаемый сток: вход 35,225.00 KZT; выход/вход=0.00; depth=1. Не полный баланс."
100000008753897100,terminal,0.702108,1,0.303131,"Наблюдаемый сток: вход 24,050.00 KZT; выход/вход=0.00; depth=3. Не полный баланс."
100000008754608100,terminal,0.678849,1,0.247135,"Наблюдаемый сток: вход 12,300.00 KZT; выход/вход=0.00; depth=3. Не полный баланс."
100000008754747100,terminal,0.724479,1,0.36282,"Наблюдаемый сток: вход 45,500.00 KZT; выход/вход=0.00; depth=3. Не полный баланс."
100000008754997100,terminal,0.690684,1,0.275891,"Наблюдаемый сток: вход 18,000.00 KZT; выход/вход=0.00; depth=3. Не полный баланс."
100000008755168100,terminal,0.689701,1,0.273526,"Наблюдаемый сток: вход 17,600.00 KZT; выход/вход=0.00; depth=3. Не полный баланс."
100000008755361100,terminal,0.682149,1,0.273546,"Наблюдаемый сток: вход 14,627.00 KZT; выход/вход=0.00; depth=1. Не полный баланс."
100000008755580100,terminal,0.686369,1,0.26536,"Наблюдаемый сток: вход 16,000.00 KZT; выход/вход=0.00; depth=3. Не полный баланс."
100000008755754100,terminal,0.667457,9,0.247904,"Наблюдаемый сток: вход 7,000.00 KZT; выход/вход=0.00; depth=3. Не полный баланс."
100000008757301100,peripheral,0.15,0,0.223935,"Выраженных критериев ролей нет: отправителей 1, получателей 0; требуется проверка. Граница depth=4: исходящие обрезаны."
100000008757369100,peripheral,0.35,0,0.253823,"Выраженных критериев ролей нет: отправителей 1, получателей 1; требуется проверка."
100000008758106100,peripheral,0.15,2,0.082552,"Выраженных критериев ролей нет: отправителей 1, получателей 0; требуется проверка. Граница depth=4: исходящие обрезаны."
100000008758168100,distributor,0.918863,21,0.825943,"Признаки распределения: 5 получателей; выход 1,533,600.00 KZT; отправителей 2."
100000008758607100,peripheral,0.15,2,0.063866,"Выраженных критериев ролей нет: отправителей 1, получателей 0; требуется проверка. Граница depth=4: исходящие обрезаны."
100000008759795100,peripheral,0.15,18,0.101181,"Выраженных критериев ролей нет: отправителей 1, получателей 0; требуется проверка. Граница depth=4: исходящие обрезаны."
100000008759857100,peripheral,0.35,21,0.410357,"Выраженных критериев ролей нет: отправителей 1, получателей 2; требуется проверка."
100000008760098100,peripheral,0.35,21,0.38014,"Выраженных критериев ролей нет: отправителей 1, получателей 1; требуется проверка."
100000008761132100,peripheral,0.15,2,0.082552,"Выраженных критериев ролей нет: отправителей 1, получателей 0; требуется проверка. Граница depth=4: исходящие обрезаны."
100000008761219100,peripheral,0.35,48,0.495732,"Выраженных критериев ролей нет: отправителей 2, получателей 2; требуется проверка."
100000008761220100,peripheral,0.15,2,0.082552,"Выраженных критериев ролей нет: отправителей 1, получателей 0; требуется проверка. Граница depth=4: исходящие обрезаны."
100000008762005100,peripheral,0.15,2,0.03988,"Выраженных критериев ролей нет: отправителей 1, получателей 0; требуется проверка. Граница depth=4: исходящие обрезаны."
100000008762728100,terminal,0.68786,4,0.369564,"Наблюдаемый сток: вход 17,026.00 KZT; выход/вход=0.00; depth=2. Не полный баланс."
100000008762832100,peripheral,0.35,3,0.307979,"Выраженных критериев ролей нет: отправителей 1, получателей 1; требуется проверка."
100000008762843100,peripheral,0.15,2,0.049191,"Выраженных критериев ролей нет: отправителей 1, получателей 0; требуется проверка. Граница depth=4: исходящие обрезаны."
100000008762885100,peripheral,0.15,2,0.049191,"Выраженных критериев ролей нет: отправителей 1, получателей 0; требуется проверка. Граница depth=4: исходящие обрезаны."
100000008763688100,terminal,0.697126,1,0.291285,"Наблюдаемый сток: вход 21,000.00 KZT; выход/вход=0.00; depth=3. Не полный баланс."
100000008764436100,terminal,0.680308,1,0.264736,"Наблюдаемый сток: вход 13,100.00 KZT; выход/вход=0.00; depth=2. Не полный баланс."
100000008764654100,terminal,0.706296,1,0.312489,"Наблюдаемый сток: вход 26,150.00 KZT; выход/вход=0.00; depth=3. Не полный баланс."
100000008765494100,terminal,0.7016,1,0.31887,"Наблюдаемый сток: вход 24,000.00 KZT; выход/вход=0.00; depth=2. Не полный баланс."
100000008765627100,terminal,0.736061,8,0.401227,"Наблюдаемый сток: вход 60,000.00 KZT; выход/вход=0.00; depth=2. Не полный баланс."
100000008766031100,peripheral,0.15,2,0.064509,"Выраженных критериев ролей нет: отправителей 1, получателей 0; требуется проверка. Граница depth=4: исходящие обрезаны."
100000008766764100,peripheral,0.15,2,0.063866,"Выраженных критериев ролей нет: отправителей 1, получателей 0; требуется проверка. Граница depth=4: исходящие обрезаны."
100000008767027100,terminal,0.661809,21,0.267613,"Наблюдаемый сток: вход 5,000.00 KZT; выход/вход=0.00; depth=3. Не полный баланс."
100000008767065100,terminal,0.673708,21,0.291588,"Наблюдаемый сток: вход 10,000.00 KZT; выход/вход=0.00; depth=3. Не полный баланс."
100000008767925100,terminal,0.688083,1,0.288912,"Наблюдаемый сток: вход 17,144.00 KZT; выход/вход=0.00; depth=1. Не полный баланс."
100000008767950100,terminal,0.688749,1,0.271649,"Наблюдаемый сток: вход 17,350.00 KZT; выход/вход=0.00; depth=3. Не полный баланс."
100000008768896100,terminal,0.726034,1,0.386587,"Наблюдаемый сток: вход 47,060.00 KZT; выход/вход=0.00; depth=1. Не полный баланс."
100000008769097100,terminal,0.713277,1,0.330794,"Наблюдаемый сток: вход 31,100.00 KZT; выход/вход=0.00; depth=3. Не полный баланс."
100000008769636100,terminal,0.699474,1,0.31651,"Наблюдаемый сток: вход 23,118.00 KZT; выход/вход=0.00; depth=1. Не полный баланс."
100000008770483100,peripheral,0.15,48,0.071934,"Выраженных критериев ролей нет: отправителей 1, получателей 0; требуется проверка. Граница depth=4: исходящие обрезаны."
100000008771627100,terminal,0.687099,1,0.283497,"Наблюдаемый сток: вход 16,500.00 KZT; выход/вход=0.00; depth=2. Не полный баланс."
100000008771814100,terminal,0.700997,1,0.317365,"Наблюдаемый сток: вход 23,700.00 KZT; выход/вход=0.00; depth=2. Не полный баланс."
100000008771819100,terminal,0.719084,1,0.368124,"Наблюдаемый сток: вход 38,900.00 KZT; выход/вход=0.00; depth=1. Не полный баланс."
100000008772058100,terminal,0.729365,1,0.392576,"Наблюдаемый сток: вход 50,000.00 KZT; выход/вход=0.00; depth=2. Не полный баланс."
100000008772246100,terminal,0.723241,1,0.35947,"Наблюдаемый сток: вход 44,500.00 KZT; выход/вход=0.00; depth=3. Не полный баланс."
100000008773876100,terminal,0.705947,1,0.330814,"Наблюдаемый сток: вход 26,120.00 KZT; выход/вход=0.00; depth=1. Не полный баланс."
100000008774237100,peripheral,0.35,25,0.229706,"Выраженных критериев ролей нет: отправителей 1, получателей 1; требуется проверка."
100000008775471100,terminal,0.79194,21,0.56043,"Наблюдаемый сток: вход 580,000.00 KZT; выход/вход=0.00; depth=3. Не полный баланс."
100000008775747100,peripheral,0.15,2,0.063866,"Выраженных критериев ролей нет: отправителей 1, получателей 0; требуется проверка. Граница depth=4: исходящие обрезаны."
100000008776298100,terminal,0.722321,1,0.376473,"Наблюдаемый сток: вход 42,800.00 KZT; выход/вход=0.00; depth=1. Не полный баланс."
100000008776310100,terminal,0.692239,1,0.279459,"Наблюдаемый сток: вход 19,200.00 KZT; выход/вход=0.00; depth=3. Не полный баланс."
100000008776420100,terminal,0.739456,1,0.403345,"Наблюдаемый сток: вход 69,500.00 KZT; выход/вход=0.00; depth=3. Не полный баланс."
100000008776576100,terminal,0.682339,1,0.274275,"Наблюдаемый сток: вход 14,765.00 KZT; выход/вход=0.00; depth=1. Не полный баланс."
100000008776720100,terminal,0.706296,1,0.312489,"Наблюдаемый сток: вход 26,150.00 KZT; выход/вход=0.00; depth=3. Не полный баланс."
100000008777088100,terminal,0.690684,1,0.294936,"Наблюдаемый сток: вход 18,000.00 KZT; выход/вход=0.00; depth=1. Не полный баланс."
100000008778010100,peripheral,0.15,1,0.236624,"Выраженных критериев ролей нет: отправителей 1, получателей 0; требуется проверка. Граница depth=4: исходящие обрезаны."
100000008778753100,peripheral,0.15,26,0.076557,"Выраженных критериев ролей нет: отправителей 1, получателей 0; требуется проверка. Граница depth=4: исходящие обрезаны."
100000008779584100,terminal,0.7135,1,0.35114,"Наблюдаемый сток: вход 31,400.00 KZT; выход/вход=0.00; depth=1. Не полный баланс."
100000008782056100,terminal,0.709692,1,0.341421,"Наблюдаемый сток: вход 29,082.00 KZT; выход/вход=0.00; depth=1. Не полный баланс."
100000008782421100,terminal,0.727969,1,0.39134,"Наблюдаемый сток: вход 49,680.00 KZT; выход/вход=0.00; depth=1. Не полный баланс."
100000008782800100,terminal,0.722575,1,0.377312,"Наблюдаемый сток: вход 43,381.00 KZT; выход/вход=0.00; depth=1. Не полный баланс."
